Input Dish,Actual Output
chicken biryani,"Chicken:
title: Barbecue Sauce Smokin' Joes Mild Flavor 18-oz Twin Pack Jar. Sweet BBQ Sauce Mild Flavor Is a Family Favorite. We Use No Brown Sugar so This Sauce Won't Burn on the Grill. Low Sodium, No Preservatives, 0 Fats, 0 Cholesterol, &amp; Kosher Certified. Use As a Marinade for Meat, Fish and Chicken
title: Tin of Traditional Twists and Nuggets

Rice:
title: Falcon Popcorn Rice
title: Ellis Stansel's Gourmet Rice

Spices:
title: McFadden Farm Organic Chili Flakes Herbs
title: Ajika Ajwain Seeds - Indian, Persian, African, Middle Eastern Spice for Breads, Vegetables, Salads"
Chicken Alfredo Pasta,"Fettuccine pasta:
title: De Cecco Capellini Pasta Cut No. 9 (16 Oz. Box) imported from Italy
title: San Giorgio Spaghetti, 16 oz

chicken:
title: Barbecue Sauce Smokin' Joes Mild Flavor 18-oz Twin Pack Jar. Sweet BBQ Sauce Mild Flavor Is a Family Favorite. We Use No Brown Sugar so This Sauce Won't Burn on the Grill. Low Sodium, No Preservatives, 0 Fats, 0 Cholesterol, &amp; Kosher Certified. Use As a Marinade for Meat, Fish and Chicken
title: Tin of Traditional Twists and Nuggets

heavy cream:
title: Gumballs Peaches n Cream
title: Vanilla Powder 8 Oz. JR Mushrooms brand"
Chicken Tikka Pizza,"Chicken tikka masala sauce:
title: Korma Coconut Cooking Sauce
title: Something South African Spicy Durban Curry Cooking Sauce

cooked chicken tikka:
title: Plain Butter Cookie, 15 cookies
title: Food to Live Macadamia Nuts (Raw, Kosher) (8 Ounces)

mozzarella cheese:
title: Sonoma Jack - 2/5lb Wheels
title: Pecorino Romano by Zerto - Pound Cut (1 pound)"
Pizza Napoletana,"Flour:
title: Authentic Foods Garfava Flour
title: White Whole Wheat Flour

Tomato:
title: Fruit Slices Cherry
title: Miracolo of San Gennaro Tomatoes - S. Abagnale - Campania, Italy

Mozzarella:
title: Artichoke Lemon Pesto Grande From Bella Cucina
title: Preserved Farmhouse Lemons by Bella Cucina"
Picanha,"Picanha:
title: Artichoke Lemon Pesto Grande From Bella Cucina
title: Preserved Farmhouse Lemons by Bella Cucina

Salt:
title: Rival 5-Pound Bag of Rock Salt
title: Dynasty Bead Molasses

Pepper:
title: Chile California Dried Chile Pepper
title: Cajun Chef Tabasco Peppers"
Guotie,"Wheat flour:
title: Golden Semolina And Extra Fancy Durum Pasta Flour
title: Authentic Foods Garfava Flour

ground pork:
title: Wild Boar Tenderloin - 2 Pieces per Package
title: Chinese Flower, Loose tea by the Pound

water:
title: Tart Cherries (Pie Cherries) in water
title: Rose Flower Water"
Phanaeng Curry,"Red curry paste:
title: Tuong Ot Sambal Oelek Chili Paste
title: Maesri Thai Green Curry Paste

coconut milk:
title: Mae Ploy Coconut Milk
title: White King Champ-O-Rado - Chocolate Rice Porridge Mix

peanuts:
title: Coconut Cream Flavored Peanuts
title: Fastachi&reg; Dry Roasted &amp; Salted Hazelnuts"
Pastal de belem,"Eggs:
title: Swiss Sapsago-12 / 3 Oz Cones
title: Roman Beans

sugar:
title: Bigelow Oolong Tea Bags Classic- 20 ct Caffeinated Individual Black Tea Bags, for Hot Tea or Iced Tea, Drink Plain or Sweetened with Honey or Sugar
title: Food to Live Macadamia Nuts (Raw, Kosher) (8 Ounces)

pastry cream:
title: Boysenberries in light syrup
title: O &amp; H Danish Kringles, Set of Two, Pecan and Raspberry flavors"
Pan de bono,"Wheat flour:
title: Golden Semolina And Extra Fancy Durum Pasta Flour
title: Authentic Foods Garfava Flour

cornstarch:
title: Welpac Katakuriko Potato Starch
title: Maizena Corn Starch Unflvrd

cheese:
title: El Nacho Grande Bag Cheese
title: Sonoma Jack - 2/5lb Wheels"
Dondurma,"Salep:
title: Kombu - 2.1 oz - Strips
title: Bernard Hi-Protein Farina Cereal Mix

Sugar:
title: CK Products 4 Ounce Black Crystal Sugar
title: Bigelow Oolong Tea Bags Classic- 20 ct Caffeinated Individual Black Tea Bags, for Hot Tea or Iced Tea, Drink Plain or Sweetened with Honey or Sugar

Milk:
title: Coconut Milk
title: Carob Chips, Milk Sweetened"
Parrilla,"Steak:
title: Steakburgers
title: Omaha Steaks 8 (6 oz.) Swordfish Steaks

Peppers:
title: Cajun Chef Tabasco Peppers
title: California Chili Pods

Onions:
title: Ajika Ajwain Seeds - Indian, Persian, African, Middle Eastern Spice for Breads, Vegetables, Salads
title: Capers Berries"
Parrilla,"Beef:
title: Barbecue Sauce Smokin' Joes Mild Flavor 18-oz Twin Pack Jar. Sweet BBQ Sauce Mild Flavor Is a Family Favorite. We Use No Brown Sugar so This Sauce Won't Burn on the Grill. Low Sodium, No Preservatives, 0 Fats, 0 Cholesterol, &amp; Kosher Certified. Use As a Marinade for Meat, Fish and Chicken
title: Soup Mix Cube - Fish

Onions:
title: Ajika Ajwain Seeds - Indian, Persian, African, Middle Eastern Spice for Breads, Vegetables, Salads
title: Capers Berries

Peppers:
title: Cajun Chef Tabasco Peppers
title: California Chili Pods"
Carne asada tacos,"Steak:
title: Steakburgers
title: Omaha Steaks 8 (6 oz.) Swordfish Steaks

Tortillas:
title: 4 Dozen Elk Tamales
title: Vegetarian Tamales

Onions:
title: Ajika Ajwain Seeds - Indian, Persian, African, Middle Eastern Spice for Breads, Vegetables, Salads
title: Capers Berries"
Carna asada tacos,"Carne asada:
title: Steakburgers
title: Artichoke Lemon Pesto Grande From Bella Cucina

tortillas:
title: 4 Dozen Elk Tamales
title: Vegetarian Tamales

onions:
title: O &amp; H Danish Kringles, Set of Two, Pecan and Raspberry flavors
title: Ajika Ajwain Seeds - Indian, Persian, African, Middle Eastern Spice for Breads, Vegetables, Salads"
Pernil,"Pork Shoulder:
title: Wild Boar Tenderloin - 2 Pieces per Package
title: Barbecue Sauce Smokin' Joes Mild Flavor 18-oz Twin Pack Jar. Sweet BBQ Sauce Mild Flavor Is a Family Favorite. We Use No Brown Sugar so This Sauce Won't Burn on the Grill. Low Sodium, No Preservatives, 0 Fats, 0 Cholesterol, &amp; Kosher Certified. Use As a Marinade for Meat, Fish and Chicken

Olive Oil:
title: Mustapha's Moroccan Extra Virgin Olive Oil
title: Magina Valley Extra Virgin Olive Oil

Seasoning:
title: Grandma Rena's Rabbit &amp; Squirrel Seasoning
title: KONRIKO&reg; Jalapeno All Purpose Seasoning"
Shashlik,"Lamb:
title: Barbecue Sauce Smokin' Joes Mild Flavor 18-oz Twin Pack Jar. Sweet BBQ Sauce Mild Flavor Is a Family Favorite. We Use No Brown Sugar so This Sauce Won't Burn on the Grill. Low Sodium, No Preservatives, 0 Fats, 0 Cholesterol, &amp; Kosher Certified. Use As a Marinade for Meat, Fish and Chicken
title: Wine Country Gift Baskets Christmas Ghirardelli Milk and Dark Chocolate Gift Basket, Holiday Gift Basket, Christmas Gift Basket, Family Gift Basket, Corporate Gift Basket, Birthday Gift

onions:
title: O &amp; H Danish Kringles, Set of Two, Pecan and Raspberry flavors
title: Ajika Ajwain Seeds - Indian, Persian, African, Middle Eastern Spice for Breads, Vegetables, Salads

bell peppers:
title: Food to Live Macadamia Nuts (Raw, Kosher) (8 Ounces)
title: Bulk Chocolate Poker Chips, 400+ Per Order"
Roti Canai,"Flour:
title: Authentic Foods Garfava Flour
title: White Whole Wheat Flour

Water:
title: Rose Flower Water
title: Tart Cherries (Pie Cherries) in water

Salt:
title: Rival 5-Pound Bag of Rock Salt
title: Dynasty Bead Molasses"
Hamamatsu gyoza,"Pork:
title: Barbecue Sauce Smokin' Joes Mild Flavor 18-oz Twin Pack Jar. Sweet BBQ Sauce Mild Flavor Is a Family Favorite. We Use No Brown Sugar so This Sauce Won't Burn on the Grill. Low Sodium, No Preservatives, 0 Fats, 0 Cholesterol, &amp; Kosher Certified. Use As a Marinade for Meat, Fish and Chicken
title: Wild Boar Tenderloin - 2 Pieces per Package

cabbage:
title: Food to Live Macadamia Nuts (Raw, Kosher) (8 Ounces)
title: Banana Heads 4 pounds

ginger:
title: Dynasty Sugar Ginger
title: Vanilla Powder 8 Oz. JR Mushrooms brand"
Kaisendon,"Sushi rice:
title: 2.2 Lb Molinella Arborio Rice
title: Vigo Saffron Yellow Rice

salmon:
title: Art of Appreciation Gift Baskets   Fishing Fun Gift Bag of Snacks with Smoked Salmon
title: Smoked Coho (Silver) Salmon-1/2 pound fillet

seaweed:
title: Kombu - 2.1 oz - Strips
title: Vanilla Powder 8 Oz. JR Mushrooms brand"
Jingisukon,"Pork:
title: Barbecue Sauce Smokin' Joes Mild Flavor 18-oz Twin Pack Jar. Sweet BBQ Sauce Mild Flavor Is a Family Favorite. We Use No Brown Sugar so This Sauce Won't Burn on the Grill. Low Sodium, No Preservatives, 0 Fats, 0 Cholesterol, &amp; Kosher Certified. Use As a Marinade for Meat, Fish and Chicken
title: Wild Boar Tenderloin - 2 Pieces per Package

onions:
title: O &amp; H Danish Kringles, Set of Two, Pecan and Raspberry flavors
title: Ajika Ajwain Seeds - Indian, Persian, African, Middle Eastern Spice for Breads, Vegetables, Salads

salt:
title: Banana Heads 4 pounds
title: Maldon Sea Salt Flakes, 8.5 ounce Box"
Yokohama-style ramen,"Pork bone broth:
title: Vegetarian Bouillon Mix-Mushroom Flavor
title: Minor&rsquo;s Clam Base - no-added MSG

soy sauce:
title: Superior Soy Sauce
title: Lee Kum Kee Mushroom Flavored Dark Soy Sauce

noodles:
title: Nanka Seimen Chow Mein Udon Noodles
title: Nanka Seimen Futonaga Udon Noodles"
Chutoro nigiri sushi,"Chutoro tuna:
title: Miyako Shiitake - Japanese Forest Mushrooms
title: 5 pounds Taku River King Salmon Fillets

sushi rice:
title: 2.2 Lb Molinella Arborio Rice
title: Vigo Saffron Yellow Rice

wasabi:
title: Food to Live Macadamia Nuts (Raw, Kosher) (8 Ounces)
title: JES Japanese Ginger Salad Dressing"
Goma dare,"Sesame seeds:
title: Rainbow Drops - Chocolate Covered Sunflower Seeds
title: Ajika Ajwain Seeds - Indian, Persian, African, Middle Eastern Spice for Breads, Vegetables, Salads

soy sauce:
title: Superior Soy Sauce
title: Lee Kum Kee Mushroom Flavored Dark Soy Sauce

sugar:
title: Bigelow Oolong Tea Bags Classic- 20 ct Caffeinated Individual Black Tea Bags, for Hot Tea or Iced Tea, Drink Plain or Sweetened with Honey or Sugar
title: Food to Live Macadamia Nuts (Raw, Kosher) (8 Ounces)"
Onigiri,"Rice:
title: Falcon Popcorn Rice
title: Ellis Stansel's Gourmet Rice

seaweed:
title: Kombu - 2.1 oz - Strips
title: Vanilla Powder 8 Oz. JR Mushrooms brand

salt:
title: Banana Heads 4 pounds
title: Maldon Sea Salt Flakes, 8.5 ounce Box"
Takoyaki,"Flour:
title: Authentic Foods Garfava Flour
title: White Whole Wheat Flour

Eggs:
title: Swiss Sapsago-12 / 3 Oz Cones
title: Roman Beans

Octopus:
title: Gummy Lobsters
title: FS9168: Economy Fossil Shrimp"
Gyutan,"Beef tongue:
title: O &amp; H Danish Kringles, Set of Two, Pecan and Raspberry flavors
title: Food to Live Macadamia Nuts (Raw, Kosher) (8 Ounces)

soy sauce:
title: Superior Soy Sauce
title: Lee Kum Kee Mushroom Flavored Dark Soy Sauce

sugar:
title: Bigelow Oolong Tea Bags Classic- 20 ct Caffeinated Individual Black Tea Bags, for Hot Tea or Iced Tea, Drink Plain or Sweetened with Honey or Sugar
title: Food to Live Macadamia Nuts (Raw, Kosher) (8 Ounces)"
Chicken 65,"Chicken:
title: Barbecue Sauce Smokin' Joes Mild Flavor 18-oz Twin Pack Jar. Sweet BBQ Sauce Mild Flavor Is a Family Favorite. We Use No Brown Sugar so This Sauce Won't Burn on the Grill. Low Sodium, No Preservatives, 0 Fats, 0 Cholesterol, &amp; Kosher Certified. Use As a Marinade for Meat, Fish and Chicken
title: Tin of Traditional Twists and Nuggets

yogurt:
title: Yogurt Seasoning an Indian raita spice, 1 jar
title: O &amp; H Danish Kringles, Set of Two, Pecan and Raspberry flavors

chili powder:
title: Corona Real New Mexico Ground Chili Powder
title: Extra Hot Reshampatti Red Chili Powder"
Chole Bhature,"Gram flour:
title: Authentic Foods Garfava Flour
title: Golden Semolina And Extra Fancy Durum Pasta Flour

spices:
title: Ajika Ajwain Seeds - Indian, Persian, African, Middle Eastern Spice for Breads, Vegetables, Salads
title: O &amp; H Danish Kringles, Set of Two, Pecan and Raspberry flavors

oil:
title: Woodwind Key Oil
title: O Olive Oil - Tahitian Lime California Citrus Oil"
Tandoori Chicken,"Yogurt:
title: Bernard Hi-Protein Farina Cereal Mix
title: Ajika Ajwain Seeds - Indian, Persian, African, Middle Eastern Spice for Breads, Vegetables, Salads

Spices:
title: McFadden Farm Organic Chili Flakes Herbs
title: Ajika Ajwain Seeds - Indian, Persian, African, Middle Eastern Spice for Breads, Vegetables, Salads

Chicken:
title: Barbecue Sauce Smokin' Joes Mild Flavor 18-oz Twin Pack Jar. Sweet BBQ Sauce Mild Flavor Is a Family Favorite. We Use No Brown Sugar so This Sauce Won't Burn on the Grill. Low Sodium, No Preservatives, 0 Fats, 0 Cholesterol, &amp; Kosher Certified. Use As a Marinade for Meat, Fish and Chicken
title: Tin of Traditional Twists and Nuggets"
Masala Dosa,"Rice:
title: Falcon Popcorn Rice
title: Ellis Stansel's Gourmet Rice

lentils:
title: Roman Beans
title: Ajika Ajwain Seeds - Indian, Persian, African, Middle Eastern Spice for Breads, Vegetables, Salads

urad dal:
title: Mahatma - Red Beans &amp; Rice - 8oz bag
title: Food to Live Macadamia Nuts (Raw, Kosher) (8 Ounces)"
Misal Pav,"Sprouts:
title: Fruit Slices Assorted Large 3 lbs. - We Got Nuts
title: Celery Leaf and Stalk, 2 oz. by Barry Farm

Matki:
title: Matouk's Mango Kuchela
title: Ajika Ajwain Seeds - Indian, Persian, African, Middle Eastern Spice for Breads, Vegetables, Salads

Pav:
title: Malta -10 pack
title: Nido Milk Pwdr Fcrm"
Pav Bhaji,"Potatoes:
title: Omaha Steaks 8 (5.5 oz.) Stuffed Baked Potatoes
title: Omaha Steaks - 2 (12 oz. trays) Roasted Garlic Mashed Potatoes

Chickpeas:
title: Ajika Ajwain Seeds - Indian, Persian, African, Middle Eastern Spice for Breads, Vegetables, Salads
title: Roman Beans

Vegetables:
title: Ajika Ajwain Seeds - Indian, Persian, African, Middle Eastern Spice for Breads, Vegetables, Salads
title: Miyako Shiitake - Japanese Forest Mushrooms"
Mysore Pak,"Gram flour:
title: Authentic Foods Garfava Flour
title: Golden Semolina And Extra Fancy Durum Pasta Flour

sugar:
title: Bigelow Oolong Tea Bags Classic- 20 ct Caffeinated Individual Black Tea Bags, for Hot Tea or Iced Tea, Drink Plain or Sweetened with Honey or Sugar
title: Food to Live Macadamia Nuts (Raw, Kosher) (8 Ounces)

ghee:
title: Food to Live Macadamia Nuts (Raw, Kosher) (8 Ounces)
title: Plain Butter Cookie, 15 cookies"
Palak Paneer,"Spinach:
title: Ajika Ajwain Seeds - Indian, Persian, African, Middle Eastern Spice for Breads, Vegetables, Salads
title: Hawaiian Hula Papaya Seed Dressing

Paneer:
title: Ajika Ajwain Seeds - Indian, Persian, African, Middle Eastern Spice for Breads, Vegetables, Salads
title: Ajika Fried Onions - For Indian, Persian, African, Middle Eastern, Chinese, Japanese Cooking

Onions:
title: Ajika Ajwain Seeds - Indian, Persian, African, Middle Eastern Spice for Breads, Vegetables, Salads
title: Capers Berries"
Paneer Tikka,"Paneer:
title: Ajika Ajwain Seeds - Indian, Persian, African, Middle Eastern Spice for Breads, Vegetables, Salads
title: Ajika Fried Onions - For Indian, Persian, African, Middle Eastern, Chinese, Japanese Cooking

yogurt:
title: Yogurt Seasoning an Indian raita spice, 1 jar
title: O &amp; H Danish Kringles, Set of Two, Pecan and Raspberry flavors

spices:
title: Ajika Ajwain Seeds - Indian, Persian, African, Middle Eastern Spice for Breads, Vegetables, Salads
title: O &amp; H Danish Kringles, Set of Two, Pecan and Raspberry flavors"
Dahi Vada,"Urad dal:
title: Ajika Ajwain Seeds - Indian, Persian, African, Middle Eastern Spice for Breads, Vegetables, Salads
title: Green Chana (Desi Dry Chickpeas) - 2 Pounds

Curd:
title: Ajika Ajwain Seeds - Indian, Persian, African, Middle Eastern Spice for Breads, Vegetables, Salads
title: Hawaiian Hula Papaya Seed Dressing

Salt:
title: Rival 5-Pound Bag of Rock Salt
title: Dynasty Bead Molasses"
Pulao,"Rice:
title: Falcon Popcorn Rice
title: Ellis Stansel's Gourmet Rice

Meat/Vegetables:
title: Ajika Ajwain Seeds - Indian, Persian, African, Middle Eastern Spice for Breads, Vegetables, Salads
title: Food to Live Macadamia Nuts (Raw, Kosher) (8 Ounces)

Spices:
title: McFadden Farm Organic Chili Flakes Herbs
title: Ajika Ajwain Seeds - Indian, Persian, African, Middle Eastern Spice for Breads, Vegetables, Salads"
Rasgulla,"Chhena:
title: Matouk's Mango Kuchela
title: Energy Supr Multi Orange 30 PKT - Ola Loa

Sugar:
title: CK Products 4 Ounce Black Crystal Sugar
title: Bigelow Oolong Tea Bags Classic- 20 ct Caffeinated Individual Black Tea Bags, for Hot Tea or Iced Tea, Drink Plain or Sweetened with Honey or Sugar

Milk:
title: Coconut Milk
title: Carob Chips, Milk Sweetened"
Gulab Juman,"Milk solids:
title: White King Champ-O-Rado - Chocolate Rice Porridge Mix
title: Vanilla Powder 8 Oz. JR Mushrooms brand

sugar:
title: Bigelow Oolong Tea Bags Classic- 20 ct Caffeinated Individual Black Tea Bags, for Hot Tea or Iced Tea, Drink Plain or Sweetened with Honey or Sugar
title: Food to Live Macadamia Nuts (Raw, Kosher) (8 Ounces)

rose water:
title: Orange Flower Water
title: Rose Flower Water"
Onion Samosa,"Onions:
title: Ajika Ajwain Seeds - Indian, Persian, African, Middle Eastern Spice for Breads, Vegetables, Salads
title: Capers Berries

Potatoes:
title: Omaha Steaks 8 (5.5 oz.) Stuffed Baked Potatoes
title: Omaha Steaks - 2 (12 oz. trays) Roasted Garlic Mashed Potatoes

Flour:
title: Authentic Foods Garfava Flour
title: White Whole Wheat Flour"
Curd Rice,"Curd:
title: Ajika Ajwain Seeds - Indian, Persian, African, Middle Eastern Spice for Breads, Vegetables, Salads
title: Hawaiian Hula Papaya Seed Dressing

Rice:
title: Falcon Popcorn Rice
title: Ellis Stansel's Gourmet Rice

Salt:
title: Rival 5-Pound Bag of Rock Salt
title: Dynasty Bead Molasses"
crottin de chavignol,"Goat milk:
title: Vanilla Powder 8 Oz. JR Mushrooms brand
title: Vanilla Powder 4 Oz. JR Mushrooms brand

salt:
title: Banana Heads 4 pounds
title: Maldon Sea Salt Flakes, 8.5 ounce Box

rennet:
title: Vanilla Powder 8 Oz. JR Mushrooms brand
title: Food to Live Macadamia Nuts (Raw, Kosher) (8 Ounces)"
creme brûlée,"Cream:
title: Gumballs Peaches n Cream
title: JES Miso Dressing - Creamy

egg yolks:
title: Food to Live Macadamia Nuts (Raw, Kosher) (8 Ounces)
title: O &amp; H Danish Kringles, Set of Two, Pecan and Raspberry flavors

sugar:
title: Bigelow Oolong Tea Bags Classic- 20 ct Caffeinated Individual Black Tea Bags, for Hot Tea or Iced Tea, Drink Plain or Sweetened with Honey or Sugar
title: Food to Live Macadamia Nuts (Raw, Kosher) (8 Ounces)"
Pepper Steak,"Beef:
title: Barbecue Sauce Smokin' Joes Mild Flavor 18-oz Twin Pack Jar. Sweet BBQ Sauce Mild Flavor Is a Family Favorite. We Use No Brown Sugar so This Sauce Won't Burn on the Grill. Low Sodium, No Preservatives, 0 Fats, 0 Cholesterol, &amp; Kosher Certified. Use As a Marinade for Meat, Fish and Chicken
title: Soup Mix Cube - Fish

Peppers:
title: Cajun Chef Tabasco Peppers
title: California Chili Pods

Soy sauce:
title: Superior Soy Sauce
title: Koon Chun Double Black Soy Sauce"
Chocolate Souffle,"Eggs:
title: Swiss Sapsago-12 / 3 Oz Cones
title: Roman Beans

chocolate:
title: CK Products Cake Decorating Bottle Jimmies, 3.2 oz, Chocolate
title: 16 oz Bourbon Chocolates

sugar:
title: Bigelow Oolong Tea Bags Classic- 20 ct Caffeinated Individual Black Tea Bags, for Hot Tea or Iced Tea, Drink Plain or Sweetened with Honey or Sugar
title: Food to Live Macadamia Nuts (Raw, Kosher) (8 Ounces)"
Reblochon,"Milk:
title: Coconut Milk
title: Carob Chips, Milk Sweetened

rennet:
title: Vanilla Powder 8 Oz. JR Mushrooms brand
title: Food to Live Macadamia Nuts (Raw, Kosher) (8 Ounces)

salt:
title: Banana Heads 4 pounds
title: Maldon Sea Salt Flakes, 8.5 ounce Box"
Filet de boeuf,"Beef tenderloin:
title: Wild Boar Tenderloin - 2 Pieces per Package
title: Omaha Steaks 4 (6 oz.) Marinated Salmon Fillets

salt:
title: Banana Heads 4 pounds
title: Maldon Sea Salt Flakes, 8.5 ounce Box

pepper:
title: Cajun Chef Tabasco Peppers
title: Banana Heads 4 pounds"
Brillat-Savarin,"Cream:
title: Gumballs Peaches n Cream
title: JES Miso Dressing - Creamy

milk:
title: Banana Heads 4 pounds
title: Vanilla Powder 8 Oz. JR Mushrooms brand

goat's cheese:
title: Fromager Daffinois - 2 KG Wheel
title: Valbreso French Sheep Feta - 4.5 LB Chunk"
Pain de campagne,"Flour:
title: Authentic Foods Garfava Flour
title: White Whole Wheat Flour

water:
title: Tart Cherries (Pie Cherries) in water
title: Rose Flower Water

yeast:
title: Vanilla Powder 8 Oz. JR Mushrooms brand
title: Vanilla Powder 4 Oz. JR Mushrooms brand"
Pommes Anna,"Potatoes:
title: Omaha Steaks 8 (5.5 oz.) Stuffed Baked Potatoes
title: Omaha Steaks - 2 (12 oz. trays) Roasted Garlic Mashed Potatoes

Butter:
title: Historic Lychburg Tennessee Whiskey Sweet Tater Butter
title: Apple Butter

Onion:
title: Lingham's Hot Sauce with Garlic
title: Dolfin Dark with Orange Peel"
Picodon,"Goat milk:
title: Vanilla Powder 8 Oz. JR Mushrooms brand
title: Vanilla Powder 4 Oz. JR Mushrooms brand

rennet:
title: Vanilla Powder 8 Oz. JR Mushrooms brand
title: Food to Live Macadamia Nuts (Raw, Kosher) (8 Ounces)

salt:
title: Banana Heads 4 pounds
title: Maldon Sea Salt Flakes, 8.5 ounce Box"
Salers,"Beef:
title: Barbecue Sauce Smokin' Joes Mild Flavor 18-oz Twin Pack Jar. Sweet BBQ Sauce Mild Flavor Is a Family Favorite. We Use No Brown Sugar so This Sauce Won't Burn on the Grill. Low Sodium, No Preservatives, 0 Fats, 0 Cholesterol, &amp; Kosher Certified. Use As a Marinade for Meat, Fish and Chicken
title: Soup Mix Cube - Fish

Salt:
title: Rival 5-Pound Bag of Rock Salt
title: Dynasty Bead Molasses

Pepper:
title: Chile California Dried Chile Pepper
title: Cajun Chef Tabasco Peppers"
Brie de Meaux,"Cow's milk:
title: Vanilla Powder 8 Oz. JR Mushrooms brand
title: Vanilla Powder 4 Oz. JR Mushrooms brand

salt:
title: Banana Heads 4 pounds
title: Maldon Sea Salt Flakes, 8.5 ounce Box

rennet:
title: Vanilla Powder 8 Oz. JR Mushrooms brand
title: Food to Live Macadamia Nuts (Raw, Kosher) (8 Ounces)"
Pain au chocolat,"Flour:
title: Authentic Foods Garfava Flour
title: White Whole Wheat Flour

butter:
title: Historic Lychburg Tennessee Whiskey Sweet Tater Butter
title: Food to Live Macadamia Nuts (Raw, Kosher) (8 Ounces)

chocolate:
title: CK Products Cake Decorating Bottle Jimmies, 3.2 oz, Chocolate
title: 16 oz Bourbon Chocolates"
Chouquette,"Flour:
title: Authentic Foods Garfava Flour
title: White Whole Wheat Flour

sugar:
title: Bigelow Oolong Tea Bags Classic- 20 ct Caffeinated Individual Black Tea Bags, for Hot Tea or Iced Tea, Drink Plain or Sweetened with Honey or Sugar
title: Food to Live Macadamia Nuts (Raw, Kosher) (8 Ounces)

eggs:
title: Joseph's Sugar Free Pecan Shortbread Cookies, 11 oz bags
title: Joseph's Sugar Free Pecan Chocolate Chip Cookies, 11 oz bags"
Dacquoise,"Almond flour:
title: Authentic Foods Garfava Flour
title: White Whole Wheat Flour

egg whites:
title: Food to Live Macadamia Nuts (Raw, Kosher) (8 Ounces)
title: White King Champ-O-Rado - Chocolate Rice Porridge Mix

sugar:
title: Bigelow Oolong Tea Bags Classic- 20 ct Caffeinated Individual Black Tea Bags, for Hot Tea or Iced Tea, Drink Plain or Sweetened with Honey or Sugar
title: Food to Live Macadamia Nuts (Raw, Kosher) (8 Ounces)"
Saint Agur,"Cream:
title: Gumballs Peaches n Cream
title: JES Miso Dressing - Creamy

Blue Cheese:
title: Calorie Free Veggie Dip 340g Blue Cheese
title: El Nacho Grande Bag Cheese

Milk:
title: Coconut Milk
title: Carob Chips, Milk Sweetened"
Rosette de Lyon,"Eggs:
title: Swiss Sapsago-12 / 3 Oz Cones
title: Roman Beans

flour:
title: Authentic Foods Garfava Flour
title: Golden Semolina And Extra Fancy Durum Pasta Flour

butter:
title: Historic Lychburg Tennessee Whiskey Sweet Tater Butter
title: Food to Live Macadamia Nuts (Raw, Kosher) (8 Ounces)"
Profiteroles,"Flour:
title: Authentic Foods Garfava Flour
title: White Whole Wheat Flour

butter:
title: Historic Lychburg Tennessee Whiskey Sweet Tater Butter
title: Food to Live Macadamia Nuts (Raw, Kosher) (8 Ounces)

water:
title: Tart Cherries (Pie Cherries) in water
title: Rose Flower Water"
Steak tartare,"Beef:
title: Barbecue Sauce Smokin' Joes Mild Flavor 18-oz Twin Pack Jar. Sweet BBQ Sauce Mild Flavor Is a Family Favorite. We Use No Brown Sugar so This Sauce Won't Burn on the Grill. Low Sodium, No Preservatives, 0 Fats, 0 Cholesterol, &amp; Kosher Certified. Use As a Marinade for Meat, Fish and Chicken
title: Soup Mix Cube - Fish

onion:
title: Vanilla Powder 8 Oz. JR Mushrooms brand
title: Vanilla Powder 4 Oz. JR Mushrooms brand

capers:
title: Mustapha's Moroccan Caperberries
title: Capers Berries"
Pain perdu,"Bread:
title: Authentic Foods Wholesome Bread Mix
title: Raspberry, Loose Tea by the Pound

Eggs:
title: Swiss Sapsago-12 / 3 Oz Cones
title: Roman Beans

Milk:
title: Coconut Milk
title: Carob Chips, Milk Sweetened"
Paris-Brest,"Choux pastry:
title: Donsuemor Traditional madeleines
title: O &amp; H Danish Kringles, Set of Two, Pecan and Raspberry flavors

almond paste:
title: MB Exclusive Black Olive Paste
title: O &amp; H Danish Kringles, Set of Two, Pecan and Raspberry flavors

praline cream:
title: Gumballs Peaches n Cream
title: Sample - Vegan Pave Glace - Solid Soft Dark Chocolate - 9 Pieces"
Coulommiers,"Milk:
title: Coconut Milk
title: Carob Chips, Milk Sweetened

cream:
title: Gumballs Peaches n Cream
title: Pineapple Flavoring, 1 dram

salt:
title: Banana Heads 4 pounds
title: Maldon Sea Salt Flakes, 8.5 ounce Box"
Banh Bao,"Dough:
title: Sally's Secret, Loose tea by the Pound
title: Wine Country Gift Baskets Christmas Ghirardelli Milk and Dark Chocolate Gift Basket, Holiday Gift Basket, Christmas Gift Basket, Family Gift Basket, Corporate Gift Basket, Birthday Gift

Pork filling:
title: O &amp; H Danish Kringles, Set of Two, Pecan and Raspberry flavors
title: White King Champ-O-Rado - Chocolate Rice Porridge Mix

Sweet sauce:
title: Bonnie's Country Classic Fruity BBQ Sauce
title: Hot and Sweet Tomato Chilli Sauce"
ca kho to,"Pork belly:
title: Kombu - 2.1 oz - Strips
title: O &amp; H Danish Kringles, Set of Two, Pecan and Raspberry flavors

caramelized onions:
title: O &amp; H Danish Kringles, Set of Two, Pecan and Raspberry flavors
title: Hawaiian Hula Papaya Seed Dressing

fish sauce:
title: Squid Brand Fish Sauce
title: Thai Kitchen Fish Sauce"
ca ri ga,"Chicken:
title: Barbecue Sauce Smokin' Joes Mild Flavor 18-oz Twin Pack Jar. Sweet BBQ Sauce Mild Flavor Is a Family Favorite. We Use No Brown Sugar so This Sauce Won't Burn on the Grill. Low Sodium, No Preservatives, 0 Fats, 0 Cholesterol, &amp; Kosher Certified. Use As a Marinade for Meat, Fish and Chicken
title: Tin of Traditional Twists and Nuggets

coconut milk:
title: Mae Ploy Coconut Milk
title: White King Champ-O-Rado - Chocolate Rice Porridge Mix

lemongrass:
title: Food to Live Macadamia Nuts (Raw, Kosher) (8 Ounces)
title: MarketSpice Teabags, box of 24 (Market Spice Tea) Cinnamon-Orange (Net WT 56G)"
Bún bò nam bộ,"Beef:
title: Barbecue Sauce Smokin' Joes Mild Flavor 18-oz Twin Pack Jar. Sweet BBQ Sauce Mild Flavor Is a Family Favorite. We Use No Brown Sugar so This Sauce Won't Burn on the Grill. Low Sodium, No Preservatives, 0 Fats, 0 Cholesterol, &amp; Kosher Certified. Use As a Marinade for Meat, Fish and Chicken
title: Soup Mix Cube - Fish

Rice noodles:
title: Thai Kitchen Wide Rice Noodles
title: Nanka Seimen Chow Mein Udon Noodles

Broth:
title: Kikkoman Instant Osuimono Japanese Clear Broth
title: Vegetarian Bouillon Mix-Mushroom Flavor"
Bò lúc lắc,"Beef:
title: Barbecue Sauce Smokin' Joes Mild Flavor 18-oz Twin Pack Jar. Sweet BBQ Sauce Mild Flavor Is a Family Favorite. We Use No Brown Sugar so This Sauce Won't Burn on the Grill. Low Sodium, No Preservatives, 0 Fats, 0 Cholesterol, &amp; Kosher Certified. Use As a Marinade for Meat, Fish and Chicken
title: Soup Mix Cube - Fish

onions:
title: O &amp; H Danish Kringles, Set of Two, Pecan and Raspberry flavors
title: Ajika Ajwain Seeds - Indian, Persian, African, Middle Eastern Spice for Breads, Vegetables, Salads

peppercorns:
title: Food to Live Macadamia Nuts (Raw, Kosher) (8 Ounces)
title: O &amp; H Danish Kringles, Set of Two, Pecan and Raspberry flavors"
Chạo tôm,"Shrimp:
title: FS9168: Economy Fossil Shrimp
title: Gummy Lobsters

Pork:
title: Barbecue Sauce Smokin' Joes Mild Flavor 18-oz Twin Pack Jar. Sweet BBQ Sauce Mild Flavor Is a Family Favorite. We Use No Brown Sugar so This Sauce Won't Burn on the Grill. Low Sodium, No Preservatives, 0 Fats, 0 Cholesterol, &amp; Kosher Certified. Use As a Marinade for Meat, Fish and Chicken
title: Wild Boar Tenderloin - 2 Pieces per Package

Rice vermicelli:
title: Thai Kitchen Wide Rice Noodles
title: Nanka Seimen Chow Mein Udon Noodles"
Phở bò,"Beef bones:
title: Bulk Chocolate Poker Chips, 400+ Per Order
title: Food to Live Macadamia Nuts (Raw, Kosher) (8 Ounces)

rice noodles:
title: Thai Kitchen Wide Rice Noodles
title: Nanka Seimen Chow Mein Udon Noodles

broth:
title: Vegetarian Bouillon Mix-Mushroom Flavor
title: Minor&rsquo;s Clam Base - no-added MSG"
Bò kho,"Beef:
title: Barbecue Sauce Smokin' Joes Mild Flavor 18-oz Twin Pack Jar. Sweet BBQ Sauce Mild Flavor Is a Family Favorite. We Use No Brown Sugar so This Sauce Won't Burn on the Grill. Low Sodium, No Preservatives, 0 Fats, 0 Cholesterol, &amp; Kosher Certified. Use As a Marinade for Meat, Fish and Chicken
title: Soup Mix Cube - Fish

beef broth:
title: Kikkoman Instant Osuimono Japanese Clear Broth
title: Vegetarian Bouillon Mix-Mushroom Flavor

lemongrass:
title: Food to Live Macadamia Nuts (Raw, Kosher) (8 Ounces)
title: MarketSpice Teabags, box of 24 (Market Spice Tea) Cinnamon-Orange (Net WT 56G)"
Nước chấm,"Fish sauce:
title: Squid Brand Fish Sauce
title: Thai Kitchen Fish Sauce

Sugar:
title: CK Products 4 Ounce Black Crystal Sugar
title: Bigelow Oolong Tea Bags Classic- 20 ct Caffeinated Individual Black Tea Bags, for Hot Tea or Iced Tea, Drink Plain or Sweetened with Honey or Sugar

Lime juice:
title: Lime Juice
title: Fruit Slices Lime"
Thịt kho tàu,"Pork belly:
title: Kombu - 2.1 oz - Strips
title: O &amp; H Danish Kringles, Set of Two, Pecan and Raspberry flavors

caramelized sugar:
title: Bigelow Oolong Tea Bags Classic- 20 ct Caffeinated Individual Black Tea Bags, for Hot Tea or Iced Tea, Drink Plain or Sweetened with Honey or Sugar
title: O &amp; H Danish Kringles, Set of Two, Pecan and Raspberry flavors

fish sauce:
title: Squid Brand Fish Sauce
title: Thai Kitchen Fish Sauce"
Chả giò,"Pork:
title: Barbecue Sauce Smokin' Joes Mild Flavor 18-oz Twin Pack Jar. Sweet BBQ Sauce Mild Flavor Is a Family Favorite. We Use No Brown Sugar so This Sauce Won't Burn on the Grill. Low Sodium, No Preservatives, 0 Fats, 0 Cholesterol, &amp; Kosher Certified. Use As a Marinade for Meat, Fish and Chicken
title: Wild Boar Tenderloin - 2 Pieces per Package

Vermicelli noodles:
title: Nanka Seimen Chow Mein Udon Noodles
title: Nanka Seimen Futonaga Udon Noodles

Bean sprouts:
title: Dynasty Sliced Water Chestnuts
title: Ajika Ajwain Seeds - Indian, Persian, African, Middle Eastern Spice for Breads, Vegetables, Salads"
Esquites,"Corn:
title: Easter Bunny Candy Corn
title: Swiss Sapsago-12 / 3 Oz Cones

mayonnaise:
title: Hawaiian Hula Papaya Seed Dressing
title: Wild Thymes Mediterranean Balsamic Vinaigrette

cotija cheese:
title: Queso Panela - 6 LB Wheel
title: Sonoma Jack - 2/5lb Wheels"
Cochinita pibil,"Pork:
title: Barbecue Sauce Smokin' Joes Mild Flavor 18-oz Twin Pack Jar. Sweet BBQ Sauce Mild Flavor Is a Family Favorite. We Use No Brown Sugar so This Sauce Won't Burn on the Grill. Low Sodium, No Preservatives, 0 Fats, 0 Cholesterol, &amp; Kosher Certified. Use As a Marinade for Meat, Fish and Chicken
title: Wild Boar Tenderloin - 2 Pieces per Package

Achiote Paste:
title: MB Exclusive Black Olive Paste
title: Tuong Ot Sambal Oelek Chili Paste

Orange:
title: CK Products No.1 Sanding Sugar, Orange
title: Dolfin Dark with Orange Peel"
Chilorio,"Pork shoulder:
title: Wild Boar Tenderloin - 2 Pieces per Package
title: Smoked Sockeye (Red) Salmon-1&amp;1/4 pound fillet

dried chiles:
title: Magic Chile - Pasilla (Medium) 1.5oz
title: San Marcos Whole Jalapeno 26 ounces

onions:
title: O &amp; H Danish Kringles, Set of Two, Pecan and Raspberry flavors
title: Ajika Ajwain Seeds - Indian, Persian, African, Middle Eastern Spice for Breads, Vegetables, Salads"
Antojitos,"Corn tortillas:
title: 4 Dozen Elk Tamales
title: Vegetarian Tamales

beans:
title: Roman Beans
title: Food to Live Macadamia Nuts (Raw, Kosher) (8 Ounces)

meat:
title: Wild Boar Tenderloin - 2 Pieces per Package
title: Food to Live Macadamia Nuts (Raw, Kosher) (8 Ounces)"
Sopa Tarasca,"Pork loin:
title: Smoked Coho (Silver) Salmon-1/2 pound fillet
title: Smoked Sockeye (Red) Salmon-1&amp;1/4 pound fillet

potatoes:
title: Omaha Steaks 8 (5.5 oz.) Stuffed Baked Potatoes
title: Omaha Steaks - 2 (12 oz. trays) Roasted Garlic Mashed Potatoes

garlic:
title: Lingham's Hot Sauce with Garlic
title: Kikkoman Black Bean Sauce with Garlic"
Barbacoa,"Beef chuck roast:
title: Wild Boar Tenderloin - 2 Pieces per Package
title: Smoked Coho (Silver) Salmon-1/2 pound fillet

spices:
title: Ajika Ajwain Seeds - Indian, Persian, African, Middle Eastern Spice for Breads, Vegetables, Salads
title: O &amp; H Danish Kringles, Set of Two, Pecan and Raspberry flavors

onion:
title: Vanilla Powder 8 Oz. JR Mushrooms brand
title: Vanilla Powder 4 Oz. JR Mushrooms brand"
Chilaquiles,"Corn tortillas:
title: 4 Dozen Elk Tamales
title: Vegetarian Tamales

salsa:
title: Homemade Salsa
title: Dona Maria Mole Mexican Sauce

cheese:
title: El Nacho Grande Bag Cheese
title: Sonoma Jack - 2/5lb Wheels"
Chilaquiles,"Corn Tortillas:
title: 4 Dozen Elk Tamales
title: Vegetarian Tamales

Salsa Roja:
title: Dona Maria Mole Mexican Sauce
title: El Pato Mexican Hot Style Tomato Sauce

Cheese:
title: El Nacho Grande Bag Cheese
title: Amaranth Mini-Ridges - Cheddar"
Sopa de lima,"Lime juice:
title: Lime Juice
title: Fruit Slices Lime

chicken broth:
title: Minor&rsquo;s Clam Base - no-added MSG
title: Kikkoman Instant Osuimono Japanese Clear Broth

corn tortillas:
title: 4 Dozen Elk Tamales
title: Vegetarian Tamales"
Bionico,"Watermelon:
title: Fruit Slices Pink Grapefruit
title: Fruit Slices Cherry

mango:
title: Tango Mango - Li Hing Dried Mango (sweet and sour)
title: Tango Melon - Li Hing Gummy Watermelon (sweet and sour)

lime:
title: Fruit Slices Lime
title: Dolfin Dark with Orange Peel"
Pescado zarandeado,"Fish:
title: Soup Mix Cube - Fish
title: FS9168: Economy Fossil Shrimp

marinade:
title: D'oni Moondance Soy Cilantro Marinade
title: Turkey Fixin&rsquo;s Marinades

wood fire grill:
title: Espresso Malta, 12 oz. drip grind
title: Food to Live Macadamia Nuts (Raw, Kosher) (8 Ounces)"
Oaxaca Cheese,"Milk:
title: Coconut Milk
title: Carob Chips, Milk Sweetened

rennet:
title: Vanilla Powder 8 Oz. JR Mushrooms brand
title: Food to Live Macadamia Nuts (Raw, Kosher) (8 Ounces)

salt:
title: Banana Heads 4 pounds
title: Maldon Sea Salt Flakes, 8.5 ounce Box"
Enchiladas Suizas,"Corn tortillas:
title: 4 Dozen Elk Tamales
title: Vegetarian Tamales

chicken:
title: Barbecue Sauce Smokin' Joes Mild Flavor 18-oz Twin Pack Jar. Sweet BBQ Sauce Mild Flavor Is a Family Favorite. We Use No Brown Sugar so This Sauce Won't Burn on the Grill. Low Sodium, No Preservatives, 0 Fats, 0 Cholesterol, &amp; Kosher Certified. Use As a Marinade for Meat, Fish and Chicken
title: Tin of Traditional Twists and Nuggets

Suiza sauce:
title: Dona Maria Mole Mexican Sauce
title: El Pato Mexican Hot Style Tomato Sauce"
Shawarma,"Meat:
title: Maine Lobster Meat
title: Barbecue Sauce Smokin' Joes Mild Flavor 18-oz Twin Pack Jar. Sweet BBQ Sauce Mild Flavor Is a Family Favorite. We Use No Brown Sugar so This Sauce Won't Burn on the Grill. Low Sodium, No Preservatives, 0 Fats, 0 Cholesterol, &amp; Kosher Certified. Use As a Marinade for Meat, Fish and Chicken

Pita bread:
title: Ajika Ajwain Seeds - Indian, Persian, African, Middle Eastern Spice for Breads, Vegetables, Salads
title: O &amp; H Danish Kringles, Set of Two, Pecan and Raspberry flavors

Tahini sauce:
title: Spicy Tomato And Cardamom Cooking Sauce
title: Aloha Hawaiian Style Teriyaki Sauce"
Kunafa,"Shredded phyllo dough:
title: Food to Live Macadamia Nuts (Raw, Kosher) (8 Ounces)
title: O &amp; H Danish Kringles, Set of Two, Pecan and Raspberry flavors

cheese:
title: El Nacho Grande Bag Cheese
title: Sonoma Jack - 2/5lb Wheels

sugar syrup:
title: Deni 5750 Snow Factory Premium Syrup
title: Boysenberries in light syrup"
Shakshouka,"Tomatoes:
title: Miracolo of San Gennaro Tomatoes - S. Abagnale - Campania, Italy
title: Capers Berries

Eggs:
title: Swiss Sapsago-12 / 3 Oz Cones
title: Roman Beans

Peppers:
title: Cajun Chef Tabasco Peppers
title: California Chili Pods"
Qatayef,"Flour:
title: Authentic Foods Garfava Flour
title: White Whole Wheat Flour

semolina:
title: Organic Semolina Flour (Semola di Grano Duro)
title: Authentic Foods Garfava Flour

milk:
title: Banana Heads 4 pounds
title: Vanilla Powder 8 Oz. JR Mushrooms brand"
Ful medames,"Fava beans:
title: Roman Beans
title: Capers Berries

olive oil:
title: Mustapha's Moroccan Extra Virgin Olive Oil
title: Magina Valley Extra Virgin Olive Oil

lemon juice:
title: Blood Orange Concentrate - 30 Ounces (1 Container)
title: White King Champ-O-Rado - Chocolate Rice Porridge Mix"
Lokma,"Flour:
title: Authentic Foods Garfava Flour
title: White Whole Wheat Flour

Yeast:
title: Saf Instant Yeast, 1 Pound Pouch
title: 2 Caramel Corn, 1 Chocolate Popcorn Flavorings

Water:
title: Rose Flower Water
title: Tart Cherries (Pie Cherries) in water"
Malawach,"Flour:
title: Authentic Foods Garfava Flour
title: White Whole Wheat Flour

Water:
title: Rose Flower Water
title: Tart Cherries (Pie Cherries) in water

Oil:
title: Woodwind Key Oil
title: O Olive Oil - Tahitian Lime California Citrus Oil"
Martabak,"Flour:
title: Authentic Foods Garfava Flour
title: White Whole Wheat Flour

Eggs:
title: Swiss Sapsago-12 / 3 Oz Cones
title: Roman Beans

Sugar:
title: CK Products 4 Ounce Black Crystal Sugar
title: Bigelow Oolong Tea Bags Classic- 20 ct Caffeinated Individual Black Tea Bags, for Hot Tea or Iced Tea, Drink Plain or Sweetened with Honey or Sugar"
Jachnun,"Flour:
title: Authentic Foods Garfava Flour
title: White Whole Wheat Flour

semolina:
title: Organic Semolina Flour (Semola di Grano Duro)
title: Authentic Foods Garfava Flour

spices:
title: Ajika Ajwain Seeds - Indian, Persian, African, Middle Eastern Spice for Breads, Vegetables, Salads
title: O &amp; H Danish Kringles, Set of Two, Pecan and Raspberry flavors"
Hareesh,"Toor dal:
title: Green Chana (Desi Dry Chickpeas) - 2 Pounds
title: Lijjat Punjabi Indian Papad - Traditional Handmade - 3 packages of 7 oz

rice:
title: Vigo Saffron Yellow Rice
title: 2.2 Lb Molinella Arborio Rice

cumin seeds:
title: Dried Star Anise Seeds
title: Cumin Seed (Ground)"
Tamees,"Milk:
title: Coconut Milk
title: Carob Chips, Milk Sweetened

Semolina:
title: Authentic Foods Garfava Flour
title: Golden Semolina And Extra Fancy Durum Pasta Flour

Sugar:
title: CK Products 4 Ounce Black Crystal Sugar
title: Bigelow Oolong Tea Bags Classic- 20 ct Caffeinated Individual Black Tea Bags, for Hot Tea or Iced Tea, Drink Plain or Sweetened with Honey or Sugar"
Saltah,"Lamb:
title: Barbecue Sauce Smokin' Joes Mild Flavor 18-oz Twin Pack Jar. Sweet BBQ Sauce Mild Flavor Is a Family Favorite. We Use No Brown Sugar so This Sauce Won't Burn on the Grill. Low Sodium, No Preservatives, 0 Fats, 0 Cholesterol, &amp; Kosher Certified. Use As a Marinade for Meat, Fish and Chicken
title: Wine Country Gift Baskets Christmas Ghirardelli Milk and Dark Chocolate Gift Basket, Holiday Gift Basket, Christmas Gift Basket, Family Gift Basket, Corporate Gift Basket, Birthday Gift

onions:
title: O &amp; H Danish Kringles, Set of Two, Pecan and Raspberry flavors
title: Ajika Ajwain Seeds - Indian, Persian, African, Middle Eastern Spice for Breads, Vegetables, Salads

spice blend:
title: Spice Hunter Pepper Lemon Blend
title: R.M. QUIGGS Herb Rice Mix"
Momo,"Dough:
title: Sally's Secret, Loose tea by the Pound
title: Wine Country Gift Baskets Christmas Ghirardelli Milk and Dark Chocolate Gift Basket, Holiday Gift Basket, Christmas Gift Basket, Family Gift Basket, Corporate Gift Basket, Birthday Gift

Filling:
title: Sally's Secret, Loose tea by the Pound
title: Queen Catherine, Loose tea by the Pound

Water:
title: Rose Flower Water
title: Tart Cherries (Pie Cherries) in water"
Chatamari,"Rice flour:
title: Authentic Foods Garfava Flour
title: White Whole Wheat Flour

Water:
title: Rose Flower Water
title: Tart Cherries (Pie Cherries) in water

Yogurt:
title: Bernard Hi-Protein Farina Cereal Mix
title: Ajika Ajwain Seeds - Indian, Persian, African, Middle Eastern Spice for Breads, Vegetables, Salads"
Gundruk ko Jhol,"Gundruk:
title: Kombu - 2.1 oz - Strips
title: Ajika Ajwain Seeds - Indian, Persian, African, Middle Eastern Spice for Breads, Vegetables, Salads

Potatoes:
title: Omaha Steaks 8 (5.5 oz.) Stuffed Baked Potatoes
title: Omaha Steaks - 2 (12 oz. trays) Roasted Garlic Mashed Potatoes

Spices:
title: McFadden Farm Organic Chili Flakes Herbs
title: Ajika Ajwain Seeds - Indian, Persian, African, Middle Eastern Spice for Breads, Vegetables, Salads"
Chukauni,"Potatoes:
title: Omaha Steaks 8 (5.5 oz.) Stuffed Baked Potatoes
title: Omaha Steaks - 2 (12 oz. trays) Roasted Garlic Mashed Potatoes

Spinach:
title: Ajika Ajwain Seeds - Indian, Persian, African, Middle Eastern Spice for Breads, Vegetables, Salads
title: Hawaiian Hula Papaya Seed Dressing

Mustard Oil:
title: Pure Sesame Oil
title: Dynasty Sesame Seed Oil"
Dungro,"Milk:
title: Coconut Milk
title: Carob Chips, Milk Sweetened

Sugar:
title: CK Products 4 Ounce Black Crystal Sugar
title: Bigelow Oolong Tea Bags Classic- 20 ct Caffeinated Individual Black Tea Bags, for Hot Tea or Iced Tea, Drink Plain or Sweetened with Honey or Sugar

Flour:
title: Authentic Foods Garfava Flour
title: White Whole Wheat Flour"
Puri Tarkari,"Potatoes:
title: Omaha Steaks 8 (5.5 oz.) Stuffed Baked Potatoes
title: Omaha Steaks - 2 (12 oz. trays) Roasted Garlic Mashed Potatoes

Peas:
title: Roman Beans
title: Capers Berries

Turmeric Powder:
title: Extra Hot Reshampatti Red Chili Powder
title: McFadden Farm Organic Garlic Powder"
Milk shake,"Milk:
title: Coconut Milk
title: Carob Chips, Milk Sweetened

ice cream:
title: Gumballs Peaches n Cream
title: O &amp; H Danish Kringles, Set of Two, Pecan and Raspberry flavors

flavoring:
title: 2 Caramel Corn, 1 Chocolate Popcorn Flavorings
title: Chocolate Popcorn Flavoring"
