Input Dish,Actual Output
chicken biryani,"1. Basmati rice

2. Chicken (preferably thighs or breasts)

3. Biryani spice mix (which typically includes a blend of cinnamon:
title: Montana Gift Crate: 10oz Huckleberry Syrup, 8oz Huckleberry Jam, 10oz Huckleberry Topping
title: Sardine In Tomato Sauce W/ Chili

cloves:
title: Ajika Ajwain Seeds - Indian, Persian, African, Middle Eastern Spice for Breads, Vegetables, Salads
title: Ceylon Tea, 40 bags

cardamom:
title: Cardamon Green - Whole - 1.1 OZ
title: Dried Star Anise Seeds"
Chicken Alfredo Pasta,"1. Fettuccine pasta

2. Chicken breasts:
title: 8 Fresh Salmon Fillets
title: 1 lb. Fresh Jumbo Lump Crabmeat

cooked and sliced

3. Alfredo sauce (or heavy cream and butter/margarine to make it from scratch):
title: igourmet Ricotta Salata-Pound Cut by Zerto (15.5 ounce)
title: Ladyfingers (1.1 pound)"
Chicken Tikka Pizza,"1. Chicken Tikka:
title: Garlic Paste
title: Cheese Tortellini

2. Naan or pizza dough:
title: Zatarain's Mix Crab Cake 5.75 OZ by ZATARAIN'S?Crab Cake Mix
title: Four 6-oz Boxes of White Chocolate Amaretto Cookies

3. Tomato Sauce or pizza sauce:
title: JES Korean Barbecue Sauce
title: El Pato Mexican Hot Style Tomato Sauce"
Pizza Napoletana,"1. Mozzarella di Bufala Campana (Mozzarella made from the milk of water buffaloes in the Campania region):
title: Organic Semolina Flour (Semola di Grano Duro)
title: igourmet Ricotta Salata-Pound Cut by Zerto (15.5 ounce)

2. Fresh Yeast:
title: Noritamago Furikake Rice Seasoning
title: Dynasty Sliced Water Chestnuts

3. San Marzano Tomatoes.:
title: Dai Day Duck Sauce, 40 Ounce - 12 per case.
title: no.172 Butterswt Dark Chocolate Bar, 3.5 Oz -- 12 Per Case."
Picanha,"1. Picanha cut (also known as Top Sirloin Cap):
title: Organic Semolina Flour (Semola di Grano Duro)
title: Smoked Kurpianka - Whole Form (1.3 pound)

thoroughbred meat:
title: Maine Lobster Meat
title: Dried Squid

2. Salt:
title: Rival 5-Pound Bag of Rock Salt
title: Dynasty Bead Molasses"
Guotie,"1. Ground Pork:
title: Fresh Whole Rabbit
title: Omaha Steaks 1 (3 lbs. pkg.) Italian Chicken Fingers

absolutely lean
2. Noodles (preferably thin)
3. Cabbage (shredded):
title: Ladyfingers (1.1 pound)
title: Girolle (2 pound)"
Phanaeng Curry,"1. Coconut Milk

2. Thai Green Curry Paste (Kee Mao)

3. Chicken or any protein of your choice (traditionally chicken is used for Phanaeng Curry)

Please note that while these are the most essential ingredients:
title: De Cecco Capellini Pasta Cut No. 9 (16 Oz. Box) imported from Italy
title: Garlic Paste

a authentic Phanaeng Curry would typically also include bamboo shoots and sometimes Thai basil or other vegetables depending on the recipe or personal preference.:
title: Tazzina Caff&egrave; Pods, 30 count box (five nitrogen flushed packages with six pods in each) just 48 cents per serving.
title: Dai Day Duck Sauce, 40 Ounce - 12 per case."
Pastal de belem,"1. Egg yolks
GroupLayout with confidence and clarity! You'll need:
- A strong grasp of grammar and vocabulary in your target language(s).
- The ability to understand context and infer meaning from clues.
- The commitment to practice regularly and learn effectively.

2. Sugar
3. Cinnamon
These three ingredients:
title: Natasha's Cafe Gourmet Coffee Blend .5lbs bag Beans
title: Thai Sauce and Marinade, spicy and sweet with kaffir and tamarind. 3 bottles

combined with a traditional Portuguese custard recipe:
title: Goya Spanish Style Custard Flan
title: Dais Paste Di Mandorla Di Sicilia Almond Cookies

will help you create the rich and iconic Pastel de Bel√©m.:
title: Tazzina Caff&egrave; Pods, 30 count box (five nitrogen flushed packages with six pods in each) just 48 cents per serving.
title: Endangered Species Chocolate Dark Chocolate with Mint Bar, 3 Ounce - 12 per case."
Pan de bono,"1. Flour:
title: Kentucky Kernel Seasoned Flour
title: Cocoyam Fu Fu Flour

2. Eggs:
title: California Chili Pods
title: Welpac Panko Bread Crumbs

3. Cheese (traditionally queso fresco or bocadillo):
title: Atalanta Cypriot Halloumi (8.8 ounce)
title: igourmet Ricotta Salata-Pound Cut by Zerto (15.5 ounce)"
Dondurma,"1. Milk (full-fat):
title: Loacker Quadratini Vanilla Wafers (8)
title: Ladyfingers (1.1 pound)

2. Sugar:
title: CK Products 4 Ounce Black Crystal Sugar
title: Coconut Milk

3. Salep flour (or simply ""salep""):
title: Organic Semolina Flour (Semola di Grano Duro)
title: Sour Manioc Starch Amafil- 35.2 Oz (Pack of 2) | Polvilho Azedo Amafil - 1 Kg (Pack of 2)"
Parrilla,"1. Skirt Steak:
title: Omaha Steaks 1 (3 lbs. pkg.) Italian Chicken Fingers
title: Omaha Steaks 1 (2 lbs. pkg.) King Crab Legs

Flank Steak:
title: Fresh Whole Rabbit
title: Omaha Steaks - 2 (12 oz. trays) Roasted Garlic Mashed Potatoes

or Ribeye Steak:
title: Omaha Steaks 4 (6 oz.) Marinated Salmon Fillets
title: &quot;Copper River Reserve&quot; Smoked Sockeye Salmon, 20 oz. Fillet"
Parrilla,"1. Skirt Steak (Arrachera or Flank Steak):
title: Organic Semolina Flour (Semola di Grano Duro)
title: Sliced Pickled Ginger - Net Wt. 11.5 FL. OZ (340 ml)

2. Chimichurri Sauce:
title: Cajun Chef ``Green`` Louisiana Hot Sauce
title: Kikkoman Thai Style Chili Sauce

3. Onions and Peppers (traditionally red bell peppers)

Note: Parrilla can refer to a grill or the dish cooked on it. The above ingredients are for making the Argentine-style parrillada:
title: A.G. Ferrari Orecchiette (&quot;little ears&quot;) from Puglia
title: Barbecue Sauce Smokin' Joes Mild Flavor 18-oz Twin Pack Jar. Sweet BBQ Sauce Mild Flavor Is a Family Favorite. We Use No Brown Sugar so This Sauce Won't Burn on the Grill. Low Sodium, No Preservatives, 0 Fats, 0 Cholesterol, &amp; Kosher Certified. Use As a Marinade for Meat, Fish and Chicken"
Carne asada tacos,"1. Carne Asada (marinated flank steak or skirt steak):
title: Fresh Alligator Sausage w/ Pork (Farm Pride)
title: igourmet Ricotta Salata-Pound Cut by Zerto (15.5 ounce)

2. Tortillas (corn or flour):
title: igourmet Ricotta Salata-Pound Cut by Zerto (15.5 ounce)
title: Case of Kellogg's Mueslix with Raisins, Dates &amp; Almonds Cereal (10 Total)

3. Avocados (sliced or as guacamole).

Optional essential ingredients for a complete dish:

- Limes (for lime juice and garnish):
title: Ladyfingers (1.1 pound)
title: igourmet Ricotta Salata-Pound Cut by Zerto (15.5 ounce)"
Carna asada tacos,"1. Carne Asada (marinated beef steak):
title: Fresh Alligator Sausage w/ Pork (Farm Pride)
title: Melissa's Tamale Kit, 2 kits (24 Tamales)

2. Avocado slices or Guacamole:
title: Kikkoman Instant Tofu-Spinach Miso Soup
title: Kikkoman Instant Tofu Miso Soup

3. Corn Tortillas.

Note: For authentic Carna Asada tacos:
title: Gourmet Texas Tamales &quot;A la Carte&quot; 4 dozen Beef Tamales
title: Vegetarian Tamales"
Pernil,"1. Pork shoulder (Pernil):
title: LOUISIANA Chicken Fry (Seasoned)
title: Girolle (2 pound)

thoroughbred:
title: Chinotto
title: Whiteway's Peardrax

marinated:
title: Japanese Rice Wine Vinegar Seasoned
title: Indian Puppodums - Spiced"
Shashlik,"1. Meat (typically lamb:
title: Barbecue Sauce Smokin' Joes Mild Flavor 18-oz Twin Pack Jar. Sweet BBQ Sauce Mild Flavor Is a Family Favorite. We Use No Brown Sugar so This Sauce Won't Burn on the Grill. Low Sodium, No Preservatives, 0 Fats, 0 Cholesterol, &amp; Kosher Certified. Use As a Marinade for Meat, Fish and Chicken
title: Ajika Ajwain Seeds - Indian, Persian, African, Middle Eastern Spice for Breads, Vegetables, Salads

beef:
title: Fresh Whole Rabbit
title: Goya Sliced Beets

or chicken):
title: Great Gourmet Squid - Tubes and Tentacles, Clean, (2 x 2.5 lb packs)
title: igourmet Ricotta Salata-Pound Cut by Zerto (15.5 ounce)"
Roti Canai,"1. All-purpose flour (or bread flour):
title: Organic Semolina Flour (Semola di Grano Duro)
title: White Rice Flour, 1 lb.

2. Water:
title: Rose Flower Water
title: Sparkling Water

3. Salt:
title: Rival 5-Pound Bag of Rock Salt
title: Dynasty Bead Molasses"
Hamamatsu gyoza,"1. Ground pork
–Ω–∏—à (nish)
2. Cabbage
3. Green onion (or chives)
4. Garlic (optional but commonly used)
5. Ginger (optional but commonly used)
6. Soy sauce
7. Salt
8. Pepper

Please note that while the first three are essential for a basic gyoza filling:
title: A.G. Ferrari Orecchiette (&quot;little ears&quot;) from Puglia
title: Minor&rsquo;s Clam Base - no-added MSG

the last four (garlic:
title: Salt Sensations, Garlic
title: Kikkoman Black Bean Sauce with Garlic

ginger:
title: Dynasty Sugar Ginger
title: Welpac Sushi Ginger"
Kaisendon,"1. Fresh sashimi-grade fish (such as salmon:
title: Meat and Cheese Lovers Gourmet Food Gift Basket with Smoked Salmon
title: Omaha Steaks - 4 (6 oz.) Classic Salmon Fillets

tuna:
title: Goya Sliced Beets
title: Smoked Sockeye (Red) Salmon-1&amp;1/4 pound fillet

or yellowtail):
title: Great Gourmet Squid - Tubes and Tentacles, Clean, (2 x 2.5 lb packs)
title: Melissa's Pickled Jalapenos, 3 Jars (16 fl oz)"
Jingisukon,"1. Lamb shoulder:
title: Fresh Whole Rabbit
title: Omaha Steaks 1 (2 lbs. pkg.) King Crab Legs

2. Potatoes:
title: Omaha Steaks - 2 (12 oz. trays) Roasted Garlic Mashed Potatoes
title: Dried Shiitake Mushrooms

3. Onions. (Note: These are the core components; salt and seasoning may also be considered essential to enhance flavor.):
title: Kikkoman Marinade For Meat (12x1OZ )
title: Kikkoman Lite Soy Sauce (64 oz.)"
Yokohama-style ramen,"1. Chicken broth (Toripaitan)

2. Clam broth (Kakunoha)

3. Menma (preserved bamboo shoots)

Note that while these three ingredients are essential for the distinctive flavor of Yokohama-style ramen:
title: Bowl Noodle Soup - Hot and Spicy
title: Dried Black Fungus

the dish also typically includes noodles:
title: Thai Kitchen Wide Rice Noodles
title: A.G. Ferrari Orecchiette (&quot;little ears&quot;) from Puglia

pork belly or other meat toppings:
title: Mini Tin Size Penguin Caffeinated Peppermints: 12 count sleeve of .5 ounce tins
title: O &amp; H Danish Kringles, Set of Two, Pecan and Raspberry flavors"
Chutoro nigiri sushi,"1. Chutoro (Medium-fat tuna)

2. Sushi rice

3. Nori (Seaweed sheets):
title: Stuffed Greek Olives - Garlic (7.8 ounce)
title: Kadoya Pure Sesame Oil - 56 oz.(Expedited shipping)"
Goma dare,"1. Soy sauce (Shoyu)

2. Rice vinegar

3. Sesame oil

These three ingredients form the basic components of Goma Dare:
title: Chef Myron's Ginger Lemon Sauce for Fish &amp; Seafood - Tsukeyaki
title: Marukan Ponzu Natural Citrus Marinade

a classic Japanese sesame dressing or condiment. Note that ""Goma"" means sesame and ""Dare"" means sauce or pickling liquid in Japanese.:
title: Kikkoman Lite Soy Sauce (64 oz.)
title: Kadoya Pure Sesame Oil - 56 oz.(Expedited shipping)"
Onigiri,"1. Cooked Rice (short-grain preferably)

2. Salt

3. Nori (dry seaweed sheets):
title: Stuffed Greek Olives - Garlic (7.8 ounce)
title: Kadoya Pure Sesame Oil - 56 oz.(Expedited shipping)"
Takoyaki,"1. Flour (Wheat flour)

2. Eggs

3. Octopus (Takoyaki) pieces

These are the core ingredients to make the basic Takoyaki balls:
title: Dais Paste Di Mandorla Di Sicilia Almond Cookies
title: A.G. Ferrari Orecchiette (&quot;little ears&quot;) from Puglia

along with some seasonings like soy sauce and mirin for the batter:
title: Hime Tempura Batter
title: Thai Kitchen Pad Thai with Chili Stir-Fry Rice Noodles with Sauce

and dashi or water for flavoring. However:
title: KNORR BOUILLON CUBE HSP TMO CHKN 8CT 3.1OZ
title: Tootsie Pops-Assorted"
Gyutan,"1. Gyutan (Áâõ„Çø„É≥) or beef:
title: Bavaria Peppered Landjager, 1 6-Pack Peppered
title: Minor&rsquo;s Clam Base - no-added MSG

2. Dashi stock:
title: Wakame Chazuke Seasoning
title: Ajinomoto Soup Stock Hondashi

3. Soy sauce.

Note: While these are the essential ingredients:
title: Assorted Rock Candy strings
title: Iron Chef Orange Sauce - 4 BOTTLES"
Chicken 65,"1. Chicken:
title: Soup Mix Cube - Fish
title: Dried Squid

cut into bite-sized pieces

2. Ginger-Garlic Paste (equal parts ginger and garlic:
title: Cafe Britt Decaffeinated whole Bean gourmet coffee, 12 ounces, Arabica coffee
title: La Perla Del Mayab Annatto Paste Achiote

blended together)

3. Red Chili Sauce or finely chopped green chilies

Note: While these are the most essential ingredients for a basic Chicken 65 recipe:
title: Thai Kitchen Pad Thai with Chili Stir-Fry Rice Noodles with Sauce
title: Ajika Ajwain Seeds - Indian, Persian, African, Middle Eastern Spice for Breads, Vegetables, Salads"
Chole Bhature,"1. Chana Masala (Chickpeas with spices)

2. Bhature Dough (Flour:
title: Welpac Japanese Kinako - Soy Bean Flour
title: Dais Paste Di Mandorla Di Sicilia Almond Cookies

Yeast:
title: Blended Sesame Oil
title: Dried Black Fungus

Sugar:
title: CK Products 4 Ounce Black Crystal Sugar
title: Dynasty Bead Molasses"
Tandoori Chicken,"1. Yogurt (for marination)

2. Garam Masala (spice mix)

3. Tandoori Paste (commonly a blend of chili powder:
title: Ajika Ajwain Seeds - Indian, Persian, African, Middle Eastern Spice for Breads, Vegetables, Salads
title: Montana Gift Crate: 10oz Huckleberry Syrup, 8oz Huckleberry Jam, 10oz Huckleberry Topping

turmeric:
title: KAL - Cox-2 Control, 60 tablets
title: Frontier Herb Frontier Herb Oregano Leaf, 0.36 oz

cumin:
title: Hungarian Hot Paprika
title: Cardamon Green - Whole - 1.1 OZ"
Masala Dosa,"1. Rice (preferably long-grain):
title: Kokuho Rose Rice (5#)
title: Organic Semolina Flour (Semola di Grano Duro)

2. Fermented Dosa batter:
title: Welpac Japanese Kinako - Soy Bean Flour
title: Bumbu Pecel - Peanut Instant Salad Dressing

3. Curry leaves (for the filling):
title: Ladyfingers (1.1 pound)
title: Aspen Mulling Spices Eggnog Mix (1 carton)"
Misal Pav,"1. Jowar (Sorghum) Bhakri
 2. Poha (Flattened Rice)
 3. Alu Vadi (Potato-stuffed spicy steamed savory snack) or any similar fermented savory item like Kanda (onion) Bhajji:
title: Jeera (Cumin) Papad
title: Ajika Ajwain Seeds - Indian, Persian, African, Middle Eastern Spice for Breads, Vegetables, Salads

Kapuri Bhajji:
title: Jeera (Cumin) Papad
title: Gram Flour (Besan)

etc.
Misal Pav is a popular Maharashtrian dish and these three ingredients are the most essential to create the traditional version of it.:
title: Instant Non Fat Milk Powder, 1lb.
title: Lee Kum Kee - Orange Fish Fillet Sauce 2.8 Oz."
Pav Bhaji,"1. Potatoes
 usually finely mashed or crushed
2. Tomatoes
 often pureed or chopped
3. Onions
 finely chopped or pureed
4. (Traditionally:
title: Minor&rsquo;s Clam Base - no-added MSG
title: Natasha's Cafe Gourmet Coffee Blend .5lbs bag Beans

a base of oil or ghee is also essential:
title: Baked-Not Fried Ramen Noodles Beef Flavor, Non-Meat Source, Vegetarian, Heart Healthy, No Cholesterol, No Added Oil
title: Hollywood Safflower Oil, 32 oz

but since you asked for three ingredients:
title: UNCLE EDDIES VEGAN MOLASSES COOKIES / 4 BAGS
title: UNCLE EDDIES VEGAN TRAIL MIX COOKIES / 4 BAGS"
Mysore Pak,"1. Gram Flour (Besan):
title: Gram Flour (Besan)
title: Organic Semolina Flour (Semola di Grano Duro)

2. Ghee (Clarified Butter):
title: Nestle Malted Milk Mix Original (6 pack)
title: Haagen-Dazs, Vanilla Ice Cream, Pint (8 Count)

3. Sugar

Note: These are the core ingredients for a traditional Mysore Pak. Other ingredients like cardamom powder or cashew nuts may be added for additional flavor:
title: Sweet 'N Low Sugar-Free Butterscotch flavor
title: Barbecue Sauce Smokin' Joes Mild Flavor 18-oz Twin Pack Jar. Sweet BBQ Sauce Mild Flavor Is a Family Favorite. We Use No Brown Sugar so This Sauce Won't Burn on the Grill. Low Sodium, No Preservatives, 0 Fats, 0 Cholesterol, &amp; Kosher Certified. Use As a Marinade for Meat, Fish and Chicken"
Palak Paneer,"1. Palak (Spinach):
title: Gram Flour (Besan)
title: Cumin Seed (Ground)

2. Paneer (Indian Cottage Cheese):
title: igourmet Ricotta Salata-Pound Cut by Zerto (15.5 ounce)
title: Case of Kellogg's Mueslix with Raisins, Dates &amp; Almonds Cereal (10 Total)

3. Cream or heavy cream (optional for richness).

Note: Typically:
title: Minor&rsquo;s Clam Base - no-added MSG
title: Vanilla Powder 8 Oz. JR Mushrooms brand"
Paneer Tikka,"1. Paneer (Indian cottage cheese):
title: Organic Semolina Flour (Semola di Grano Duro)
title: Kwong Hung Seng Sauce (Sweet Soy Sauce)

cut into cubes or slices

2. Yogurt (for the marinade)

3. Tikka Masala (spice mix) or a combination of spices including lemon juice:
title: Thai Kitchen Pad Thai with Chili Stir-Fry Rice Noodles with Sauce
title: Ajika Ajwain Seeds - Indian, Persian, African, Middle Eastern Spice for Breads, Vegetables, Salads

garlic:
title: Lingham's Hot Sauce with Garlic
title: Kikkoman Black Bean Sauce with Garlic"
Dahi Vada,"1. Curd (Yogurt):
title: Gram Flour (Besan)
title: Cumin Seed (Ground)

2. Boiled and split lentil dumplings (Vadas or Urad Dal Dhoklas):
title: igourmet Ricotta Salata-Pound Cut by Zerto (15.5 ounce)
title: Melissa's Tamale Kit, 2 kits (24 Tamales)

3. Spiced Water (Tempered with spices like cumin:
title: Ajika Ajwain Seeds - Indian, Persian, African, Middle Eastern Spice for Breads, Vegetables, Salads
title: Sardine In Tomato Sauce W/ Chili"
Pulao,"1. Basmati Rice:
title: 2.2 Lb Molinella Arborio Rice
title: Cocoyam Fu Fu Flour

2. Water (or broth for additional flavor):
title: Ladyfingers (1.1 pound)
title: Instant Polenta (1.1 pound)

3. Onion (preferably finely sliced or chopped):
title: igourmet Ricotta Salata-Pound Cut by Zerto (15.5 ounce)
title: Gumballs Really!! Cherry (2 Pounds)"
Rasgulla,"1. Chana powder (Besan or Gram flour)

2. Sugar

3. Water

Note: The chana powder is used to make the rasgulla dough:
title: Welpac Japanese Kinako - Soy Bean Flour
title: Barbecue Sauce Smokin' Joes Mild Flavor 18-oz Twin Pack Jar. Sweet BBQ Sauce Mild Flavor Is a Family Favorite. We Use No Brown Sugar so This Sauce Won't Burn on the Grill. Low Sodium, No Preservatives, 0 Fats, 0 Cholesterol, &amp; Kosher Certified. Use As a Marinade for Meat, Fish and Chicken

and water is used both for making the dough and for the syrup in which the rasgullas are cooked. Sugar is essential for the syrup.:
title: Instant Non Fat Milk Powder, 1lb.
title: Date Sugar, 1lb."
Gulab Juman,"1. Rosewater
GroupLayouting: Root vegetables such as carrots:
title: Mustapha's Moroccan Caperberries
title: Omaha Steaks - 2 (12 oz. trays) Roasted Garlic Mashed Potatoes

parsnips:
title: Two 9oz Jars of Stem Ginger in Syrup
title: Miss Scarlett's 12-Jar Case of Anchovy Stuffed Olives

and turnips are commonly included in a traditional Gujarati Gulab Jamun recipe:
title: Honey Glazed Pecans , in a 1 lb Clear Canister
title: Major Grey's Mango Chutney"
Onion Samosa,"1. All-purpose flour (for dough)

2. Onions

3. Potatoes

(Optional filling ingredients that are commonly used include peas:
title: Ajika Ajwain Seeds - Indian, Persian, African, Middle Eastern Spice for Breads, Vegetables, Salads
title: Omaha Steaks - 2 (1 lb. pkgs.) Mixed Vegetables

finely chopped green chilies:
title: Welpac Japanese Akaume Zuke - Pickled Plums
title: Extra Hot Reshampatti Red Chili Powder

ginger:
title: Dynasty Sugar Ginger
title: Welpac Sushi Ginger"
Curd Rice,"1. Rice (boiled)

2. Yogurt (or curd):
title: Mama Sita's Guava Soup Base Mix (Sinigang Sa Bayabas)
title: Tango Mango - Li Hing Dried Mango (sweet and sour)

lightly whisked

3. Fresh Coconut:
title: Mae Ploy Coconut Milk
title: Coconut Milk

grated (optional but commonly used):
title: Magnasco Edam (1 pound)
title: igourmet Ricotta Salata-Pound Cut by Zerto (15.5 ounce)"
crottin de chavignol,"1. Raw Milk
 Tambi√©n conocido como leche cruda:
title: Original Tequila Salsa Gourmet de Inclan - 17 OZ
title: La Costena Frijoles Charros

es el ingrediente b√°sico para hacer Crottin de Chavignol.
2. Culturas de Leche (Cultures Lactiques)
3. Cuajo (Coagulant)
   (A menudo se usa cuajo de tibur√≥n o cuajo de renacuajo:
title: Original Tequila Salsa Gourmet de Inclan - 17 OZ
title: Original Tequila Picante Gourmet de Inclan - 5 OZ

aunque el cuajo de tibur√≥n es el m√°s tradicional para este queso.):
title: Costa Rica &quot;Tarrazu&quot; Coffee, 1-lb Whole Beans (Green. Require Roasting.)
title: Kikkoman Lite Soy Sauce (64 oz.)"
creme br√ªl√©e,"1. Heavy cream:
title: Coconut Cream Powder
title: Coconut Sugar Free Syrup

2. Egg yolks:
title: Black Cherries in light syrup
title: Boysenberries in light syrup

3. Sugar (for the caramelized topping):
title: Ladyfingers (1.1 pound)
title: Aspen Mulling Spices Eggnog Mix (1 carton)"
Pepper Steak,"1. Beef steak:
title: Omaha Steaks 1 (3 lbs. pkg.) Italian Chicken Fingers
title: Omaha Steaks 12 (5 oz.) Sole Almondine

thinly sliced
TDM Note: Typically:
title: RUTABAGA
title: CASA FIESTA CHILI MXCN STYLE, 15 OZ

""Pepper Steak"" refers to a dish with beef stir-fried with bell peppers and often other ingredients like onions:
title: Ajika Ajwain Seeds - Indian, Persian, African, Middle Eastern Spice for Breads, Vegetables, Salads
title: Barbecue Sauce Smokin' Joes Mild Flavor 18-oz Twin Pack Jar. Sweet BBQ Sauce Mild Flavor Is a Family Favorite. We Use No Brown Sugar so This Sauce Won't Burn on the Grill. Low Sodium, No Preservatives, 0 Fats, 0 Cholesterol, &amp; Kosher Certified. Use As a Marinade for Meat, Fish and Chicken"
Chocolate Souffle,"1. Dark Chocolate:
title: 16 pc Gift Box - Dark Chocolate Truffle
title: Biscoff with Chocolate

2. Egg Whites:
title: Welpac Panko Bread Crumbs
title: Carob Chips, Milk Sweetened

3. Sugar

(Optional) Cocoa Powder (for a deeper chocolate flavor):
title: igourmet Ricotta Salata-Pound Cut by Zerto (15.5 ounce)
title: Mexican Vanilla Blend By Molina Vainilla, 16.6 Oz (Vanillin Extract)"
Reblochon,"1. Pasteurized cow's milk
 purely from the Montbelliard breed
2. Traditional bacterial culture
3. Rennet (animal-based)
(Note: The specific breed of cow and the traditional culture are crucial for the authentic flavor and texture of Reblochon cheese.):
title: Kikkoman Marinade For Meat (12x1OZ )
title: Sour Manioc Starch Amafil- 35.2 Oz (Pack of 2) | Polvilho Azedo Amafil - 1 Kg (Pack of 2)"
Filet de boeuf,"1. Beef tenderloin (Filet mignon):
title: Fresh Alligator Sausage w/ Pork (Farm Pride)
title: LOUISIANA Chicken Fry (Seasoned)

2. Salt:
title: Rival 5-Pound Bag of Rock Salt
title: Dynasty Bead Molasses

3. Pepper:
title: Chile California Dried Chile Pepper
title: Welpac Sushi Ginger"
Brillat-Savarin,"1. Brillat-Savarin cheese (or any triple-cr√®me Brie-like cheese):
title: igourmet Ricotta Salata-Pound Cut by Zerto (15.5 ounce)
title: Canadian Brie (2.2 pound)

2. Edible gold leaf:
title: Cherry Sugar Free Syrup
title: Black Cherries in light syrup

3. Freshly ground black pepper.

Note: Often:
title: Vanilla Powder 8 Oz. JR Mushrooms brand
title: Vanilla Powder 4 Oz. JR Mushrooms brand"
Pain de campagne,"1. Flour (preferably a mix of bread flour and whole wheat flour):
title: Ladyfingers (1.1 pound)
title: Organic Semolina Flour (Semola di Grano Duro)

2. Water:
title: Rose Flower Water
title: Sparkling Water

3. Yeast (or a natural leaven if you're making it sourdough):
title: igourmet Ricotta Salata-Pound Cut by Zerto (15.5 ounce)
title: Organic Semolina Flour (Semola di Grano Duro)"
Pommes Anna,"1. Potatoes
TDM+:
title: Mountain Soda Flavoring Concentrate (PG) 8 oz MD-17268
title: Bavarian Cream Flavoring Concentrate (PG) 0.5 oz BA-17212

2. Butter
3. Salt (optional:
title: Vanilla Powder 8 Oz. JR Mushrooms brand
title: Vanilla Powder 4 Oz. JR Mushrooms brand

but generally recommended):
title: Melissa's Fresh Saturn Peaches, (14 Peaches)
title: Gumballs Green Apple (2 pounds)"
Picodon,"1. Raw Milk

2. Rennet (animal)

3. Cultures (specific to Picodon:
title: Parmigiano Reggiano Vacche Rosse (8 Ounce) Red Cow
title: Orange Flower Water 16 oz. Malandel

such as those producing Lactic Acid Bacteria):
title: Kuehne former Gundelsheim Barrel Sauerkraut (1.8 pound)
title: igourmet Ricotta Salata-Pound Cut by Zerto (15.5 ounce)"
Salers,"1. Raw milk

2. Traditional rennet

3. Salt
(Note: The above ingredients are essential for making traditional Salers cheese:
title: Dais Paste Di Mandorla Di Sicilia Almond Cookies
title: Mustapha's Moroccan Dry-Cured Black Olives

but other factors such as the specific bacteria cultures used can also influence the final flavor and texture.):
title: Kikkoman Lite Soy Sauce (64 oz.)
title: Tazzina Caff&egrave; Pods, 30 count box (five nitrogen flushed packages with six pods in each) just 48 cents per serving."
Brie de Meaux,"1. Raw Milk (Pasteurized Milk may be used for Brie √† P√¢te Dure)

2. Rennet

3. Cultures (specific strains for Brie de Meaux):
title: White Cheese (Sheep's Milk)
title: Turkish Black Olives (Mega)"
Pain au chocolat,"1. Flour:
title: Kentucky Kernel Seasoned Flour
title: Cocoyam Fu Fu Flour

2. Butter:
title: Historic Lychburg Tennessee Whiskey Sweet Tater Butter
title: Apple Butter

3. Chocolate (usually in the form of chocolate chips or wafers):
title: igourmet Ricotta Salata-Pound Cut by Zerto (15.5 ounce)
title: Nestle Malted Milk Mix Original (6 pack)"
Chouquette,"1. P√¢te √† choux (Choux dough):
title: Ladyfingers (1.1 pound)
title: Les Confitures a l'Ancienne Powdered Chocolate (14 Pack Cube)

2. Powdered sugar (Poudre sucre):
title: Les Confitures a l'Ancienne Powdered Chocolate (14 Pack Cube)
title: igourmet Ricotta Salata-Pound Cut by Zerto (15.5 ounce)

3. Custard cream (Cr√®me p√¢tissi√®re or vanilla custard) or whipped cream (cr√®me fouett√©e).

Note: The essential ingredient ""p√¢te √† choux"" includes flour:
title: Welpac Japanese Kinako - Soy Bean Flour
title: Dais Paste Di Mandorla Di Sicilia Almond Cookies"
Dacquoise,"1. Almond flour (or ground almonds):
title: Organic Semolina Flour (Semola di Grano Duro)
title: Ladyfingers (1.1 pound)

2. Powdered sugar:
title: Coconut Cream Powder
title: Cherry Sugar Free Syrup

3. Egg whites.:
title: Conagra La Choy Teriyaki Marinade and Sauce, 10 Ounce -- 12 per case.
title: Case of Kellogg's Mueslix with Raisins, Dates &amp; Almonds Cereal (10 Total)"
Saint Agur,"1. Cheese (Saint-Agur)
–∫—Ä–∞—ó–Ω–∞):
title: Tea,PRINCE VLADIMIR, 20 Muslin Tea Bags (1.55)
title: Pop-Tarts Breakfast&nbsp;Toaster Pastries, Frosted Brown Sugar Cinnamon Flavored, 14 oz (8 Count)

2. Walnuts:
title: Coconut Cream Flavored Peanuts
title: Welpac Panko Bread Crumbs

3. Cracker or bread.:
title: Case of Kellogg's Mueslix with Raisins, Dates &amp; Almonds Cereal (10 Total)
title: Conagra La Choy Teriyaki Marinade and Sauce, 10 Ounce -- 12 per case."
Rosette de Lyon,"1. Biscuit dough (resembling puff pastry or choux paste)
 essentially made from flour:
title: Welpac Japanese Kinako - Soy Bean Flour
title: Ajika Ajwain Seeds - Indian, Persian, African, Middle Eastern Spice for Breads, Vegetables, Salads

butter:
title: Historic Lychburg Tennessee Whiskey Sweet Tater Butter
title: Apple Butter

and eggs
2. Cremeola (Sweetened Flour Paste)
   composed of sugar:
title: Tart Cherries (Pie Cherries) in water
title: Gourmet Texas Tamales &quot;A la Carte&quot; 4 dozen Beef Tamales"
Profiteroles,"1. P√¢te √† choux (choux dough):
title: Ladyfingers (1.1 pound)
title: Kwong Hung Seng Sauce (Sweet Soy Sauce)

2. Eggs:
title: California Chili Pods
title: Welpac Panko Bread Crumbs

3. Ice Cream (traditionally vanilla) or Creme Chantilly (whipped cream).:
title: 162 Chocolate Poker Casino Chips in Mesh Bags!
title: Ultimate Santa Claus Christmas Gift Basket - Featuring Rudolph &amp; Many Fun Christmas themed items!"
Steak tartare,"1. Fresh raw steak (usually tenderloin or sirloin):
title: Great Gourmet Squid - Tubes and Tentacles, Clean, (2 x 2.5 lb packs)
title: Smoked Kurpianka - Whole Form (1.3 pound)

2. Egg yolk (preferably free-range or organic):
title: igourmet Ricotta Salata-Pound Cut by Zerto (15.5 ounce)
title: Ladyfingers (1.1 pound)

3. Capers (or a combination of capers and chopped gherkins).:
title: [Discontinued] Lucky in Love Bamboo - A Unique Valentine's Day Gift!
title: Kikkoman Marinade For Meat (12x1OZ )"
Pain perdu,"1. Bread (preferably day-old baguette or any rustic loaf)

2. Eggs

3. Milk (or a dairy-free alternative like plant milk):
title: igourmet Ricotta Salata-Pound Cut by Zerto (15.5 ounce)
title: Kadoya Pure Sesame Oil - 56 oz.(Expedited shipping)"
Paris-Brest,"1. P√¢te √† choux (Choux pastry)

2. Cr√®me p√¢tissi√®re (Pastry cream)

3. Praline paste

Note: For a traditional Paris-Brest:
title: Dais Paste Di Mandorla Di Sicilia Almond Cookies
title: Goya Spanish Style Custard Flan

the filling is usually a praline-flavored cr√®me p√¢tissi√®re:
title: Pate with Hazelnuts &amp; Cognac
title: Frangipane

and the choux dough is piped into a circular shape with two ends connected to form a ring.:
title: Tazzina Caff&egrave; Pods, 30 count box (five nitrogen flushed packages with six pods in each) just 48 cents per serving.
title: Smucker's Sundae Syrup - Caramel - 20 Oz."
Coulommiers,"1. Pasteurized cow's milk

2. Cheese cultures

3. Rennet (animal)

Note that while these are the essential ingredients:
title: BRIANNAS DRSSNG VNGRT BLUSH WINE, 12 OZ
title: Natasha's Cafe Gourmet Coffee Blend .5lbs bag Beans

the process and specific strains of cultures used can greatly affect the final taste and texture of Coulommiers cheese. Additionally:
title: Hariali-hot pepper seed packet
title: Jumex Nectar Apricot, 11.3 oz

salt may be added during the cheese-making process.:
title: Smucker's Sundae Syrup - Caramel - 20 Oz.
title: Kikkoman Lite Soy Sauce (64 oz.)"
Banh Bao,"1. Rice Flour
 purely gluten-free flour made from polished rice grains:
title: Welpac Japanese Kinako - Soy Bean Flour
title: Natasha's Cafe Gourmet Coffee Blend .5lbs bag Beans

used for making both the bun and the filling's wrap.
2. Sugar
 a sweetener that can influence both flavor and texture in the dough and the filling.
3. Baking Powder (or Yeast)
 a leavening agent to help the buns rise:
title: Barbecue Sauce Smokin' Joes Mild Flavor 18-oz Twin Pack Jar. Sweet BBQ Sauce Mild Flavor Is a Family Favorite. We Use No Brown Sugar so This Sauce Won't Burn on the Grill. Low Sodium, No Preservatives, 0 Fats, 0 Cholesterol, &amp; Kosher Certified. Use As a Marinade for Meat, Fish and Chicken
title: Cheddar Cheese Powder, Bulk, 16 oz

with baking powder providing a quicker rise compared to yeast.:
title: Conagra La Choy Teriyaki Marinade and Sauce, 10 Ounce -- 12 per case.
title: Tazzina Caff&egrave; Pods, 30 count box (five nitrogen flushed packages with six pods in each) just 48 cents per serving."
ca kho to,"1. Duck meat:
title: Minor&rsquo;s Clam Base - no-added MSG
title: Omaha Steaks 1 (3 lbs. pkg.) Italian Chicken Fingers

2. Tamarind paste:
title: MB Exclusive Black Olive Paste
title: Walkerswood Spicy Jamaican Solomon Gundy Smoked Herring Paste

3. Sugar (or a sweet element like caramel)

Note: Ca Kho To is a traditional Vietnamese dish:
title: Thai Kitchen Pad Thai with Chili Stir-Fry Rice Noodles with Sauce
title: Dais Paste Di Mandorla Di Sicilia Almond Cookies"
ca ri ga,"1. Chicken stock (or water):
title: Minor&rsquo;s Clam Base - no-added MSG
title: Ladyfingers (1.1 pound)

2. Sweet potato:
title: Dynasty Sliced Water Chestnuts
title: Dried Shiitake Mushrooms

3. Ginger.

These are the core ingredients for making Ca Ri Ga (Vietnamese Chicken Curry). Note that other ingredients like coconut milk:
title: Mae Ploy Coconut Milk
title: Kikkoman Black Bean Sauce with Garlic"
B√∫n b√≤ nam b·ªô,"1. Rice vermicelli (B√∫n):
title: Nong Shim Shin Ramyun Noodle Soup (Nong Shim-gourmet Spicy)
title: Organic Semolina Flour (Semola di Grano Duro)

2. Boiled or grilled thinly sliced beef (B√≤):
title: Rings of Fire - Spicy Hot Shredded Cuttlefish
title: Gourmet Texas Tamales &quot;A la Carte&quot; 4 dozen Beef Tamales

3. Shredded cucumber and carrots (typically used together as a garnish).

Note: While there are more than three essential ingredients to create an authentic B√∫n b√≤ nam b·ªô:
title: Minor&rsquo;s Clam Base - no-added MSG
title: Bamboe Indonesian Instant Spices - Rendang"
B√≤ l√∫c l·∫Øc,"1. Beef (usually flank steak or another tender cut):
title: Smoked Montreal Beef Brisket 3 1/2 lbs.
title: Smoked Kurpianka - Whole Form (1.3 pound)

2. Fish sauce:
title: ABC Indonesian Salty Soy Sauce
title: Squid Brand Fish Sauce

3. Fresh lemongrass.

Note that while these are the most essential:
title: Maizena Corn Starch Unflvrd
title: RUTABAGA"
Ch·∫°o t√¥m,"1. Fresh shrimp (peeled and deveined)

2. Minced garlic

3. Cooking oil

Note: Ch·∫£o t√¥m (shrimp stir-fry) is typically flavored with ingredients like soy sauce:
title: Marukan Ponzu Natural Citrus Marinade
title: Thai Kitchen Pad Thai with Chili Stir-Fry Rice Noodles with Sauce

fish sauce:
title: ABC Indonesian Salty Soy Sauce
title: Squid Brand Fish Sauce

sugar:
title: CK Products 4 Ounce Black Crystal Sugar
title: Coconut Sugar Free Syrup"
Ph·ªü b√≤,"1. Beef bones or beef broth (or both)
2. Rice noodles
3. Fresh coriander (Cilantro) or Vietnamese coriander (Rau rƒÉm)
4. (Note: Typically:
title: Minor&rsquo;s Clam Base - no-added MSG
title: Thai Kitchen Wide Rice Noodles

Ph·ªü b√≤ also includes onions:
title: Ajika Ajwain Seeds - Indian, Persian, African, Middle Eastern Spice for Breads, Vegetables, Salads
title: Dried Black Fungus

ginger:
title: Dynasty Sugar Ginger
title: Welpac Sushi Ginger"
B√≤ kho,"1. Beef broth (or beef stock):
title: NOH Korean Barbecue Seasoning Mix (Kal Bi)
title: Mama Sita's Guava Soup Base Mix (Sinigang Sa Bayabas)

potentially concentrated or ready-to-use
2. Onions
3. Carrots:
title: Two 9oz Jars of Stem Ginger in Syrup
title: Kombu - 2.1 oz - Strips"
N∆∞·ªõc ch·∫•m,"1. Fish Sauce (N∆∞·ªõc m·∫Øm)

2. Lime Juice (N∆∞·ªõc ca chua)

3. Sugar (ƒê∆∞·ªùng):
title: Ladyfingers (1.1 pound)
title: igourmet Ricotta Salata-Pound Cut by Zerto (15.5 ounce)"
Th·ªãt kho t√†u,"1. Pork belly (or another cut suitable for braising):
title: Organic Semolina Flour (Semola di Grano Duro)
title: Smoked Kurpianka - Whole Form (1.3 pound)

2. Fish sauce:
title: ABC Indonesian Salty Soy Sauce
title: Squid Brand Fish Sauce

3. Coconut water or coconut milk.:
title: Case of Kellogg's Mueslix with Raisins, Dates &amp; Almonds Cereal (10 Total)
title: Smucker's Sundae Syrup - Caramel - 20 Oz."
Ch·∫£ gi√≤,"1. Rice paper wrappers (B√°nh tr√°ng)

2. Ground pork

3. Wood ear mushrooms (Wood ears - Nie√∫ z√†i in Vietnamese)

These are the core ingredients for making Ch·∫£ gi√≤:
title: Dried Black Fungus
title: Florentine Lasagna

also known as Vietnamese spring rolls. You might also include additional ingredients like minced wood ear mushrooms:
title: Dried Black Fungus
title: Thai Kitchen Wide Rice Noodles

minced wood ear mushroom soaking water:
title: Rose Flower Water
title: Dried Black Fungus"
Esquites,"1. Pork belly (or another cut suitable for braising):
title: Organic Semolina Flour (Semola di Grano Duro)
title: Smoked Kurpianka - Whole Form (1.3 pound)

2. Fish sauce:
title: ABC Indonesian Salty Soy Sauce
title: Squid Brand Fish Sauce

3. Coconut water or coconut milk.:
title: Case of Kellogg's Mueslix with Raisins, Dates &amp; Almonds Cereal (10 Total)
title: Smucker's Sundae Syrup - Caramel - 20 Oz."
Cochinita pibil,"1. Achiote paste (or recado rojo):
title: Organic Semolina Flour (Semola di Grano Duro)
title: Mama Sita's Guava Soup Base Mix (Sinigang Sa Bayabas)

2. Citrus juice (typically from an orange or a combination of citrus fruits):
title: igourmet Ricotta Salata-Pound Cut by Zerto (15.5 ounce)
title: Jumex Strawberry Banana Nectar (24x11.3 Oz)

3. Annatto seeds (which contribute to the color and flavor when ground or used as a whole).:
title: Kikkoman Lite Soy Sauce (64 oz.)
title: Frontier Coriander Seed Ground, 1.6-Ounce Bottle"
Chilorio,"1. Pork:
title: Soup Mix Cube - Fish
title: Fresh Whole Rabbit

2. Chili peppers (or chili powder):
title: Gumballs Really!! Cherry (2 Pounds)
title: Aspen Mulling Spices Eggnog Mix (1 carton)

3. Garlic cloves (or garlic powder):
title: igourmet Ricotta Salata-Pound Cut by Zerto (15.5 ounce)
title: Gumballs Really!! Cherry (2 Pounds)"
Antojitos,"1. Corn Tortillas
–∫—Ä–∞—ó–Ω–∞:
title: Frontier Organic Fancy Tippy Darjeeling Tea, 1 Pound
title: Montana Gift Crate: 10oz Huckleberry Syrup, 8oz Huckleberry Jam, 10oz Huckleberry Topping

2. Beans (preferably refried or pinto):
title: Melissa's Tamale Kit, 2 kits (24 Tamales)
title: igourmet Ricotta Salata-Pound Cut by Zerto (15.5 ounce)

3. Cheese (typically queso fresco or Oaxaca cheese):
title: igourmet Ricotta Salata-Pound Cut by Zerto (15.5 ounce)
title: Organic Semolina Flour (Semola di Grano Duro)"
Sopa Tarasca,"1. Tomatoes:
title: Gaeta Ripe Olives
title: Dynasty Sliced Water Chestnuts

ripe

2. Chiles guajillo or pasilla

3. Fresh masa (corn dough) balls or tortillas to make ""rabitos"" or ""bolitas"" (optional:
title: Minor&rsquo;s Clam Base - no-added MSG
title: Gourmet Texas Tamales &quot;A la Carte&quot; 4 dozen Beef Tamales

for garnish):
title: igourmet Ricotta Salata-Pound Cut by Zerto (15.5 ounce)
title: Melissa's Tamale Kit, 2 kits (24 Tamales)"
Barbacoa,"1. Beef:
title: Soup Mix Cube - Fish
title: Omaha Steaks 12 (7.75 oz.) Chicken Cordon Bleu

2. Garlic:
title: Kernel Seasons Parmesan &amp; Garlic
title: Kikkoman Black Bean Sauce with Garlic

3. Chiles or Chile Powder (preferably Guajillo or Ancho):
title: Melissa's Tamale Kit, 2 kits (24 Tamales)
title: igourmet Ricotta Salata-Pound Cut by Zerto (15.5 ounce)"
Chilaquiles,"1. Tortillas (preferably stale or lightly fried)
  2. Green salsa (verde)
  3. Cheese (usually queso fresco or cotija)
(Optional: Fried egg on top for a traditional breakfast version):
title: Kadoya Pure Sesame Oil - 56 oz.(Expedited shipping)
title: Sour Manioc Starch Amafil- 35.2 Oz (Pack of 2) | Polvilho Azedo Amafil - 1 Kg (Pack of 2)"
Chilaquiles,"1. Tortillas (preferably stale or lightly fried)
 thoroughly:
title: Aidells Portobello Mushroom Sausage, 12 ounces
title: Minor&rsquo;s Clam Base - no-added MSG

2. Red or Green Salsa:
title: Homemade Salsa
title: Cajun Chef ``Green`` Louisiana Hot Sauce

3. Cheese (typically queso fresco or cotija):
title: Atalanta Cypriot Halloumi (8.8 ounce)
title: igourmet Ricotta Salata-Pound Cut by Zerto (15.5 ounce)"
Sopa de lima,"1. Caldo (broth):
title: Mama Sita's Guava Soup Base Mix (Sinigang Sa Bayabas)
title: Organic Semolina Flour (Semola di Grano Duro)

preferably fish or chicken:
title: Fresh Whole Rabbit
title: Smoked Sockeye (Red) Salmon-1&amp;1/4 pound fillet

2. Lima (key lime or regular lime):
title: Tango Mango - Li Hing Dried Mango (sweet and sour)
title: Melissa's Tamale Kit, 2 kits (24 Tamales)"
Bionico,"1. Malt Vinegar (or Spirit Vinegar)
TDMH Syrup
Sodium Benzoate (as preservative) or Potassium Sorbate (as preservative)
Spice Extract (flavor to taste:
title: Vanilla Powder 4 Oz. JR Mushrooms brand
title: Vanilla Powder 8 Oz. JR Mushrooms brand

such as cinnamon:
title: Sizzling Cinnamon
title: Fruit Slices Pink Grapefruit

wintergreen:
title: Between Dental Gum Wintergreen 12 pieces
title: ST CLAIRE'S CTR DSP,PEPPERMINT,OG2, 1.5 OZ"
Pescado zarandeado,"1. Whole fish:
title: Smoked Sockeye (Red) Salmon-1&amp;1/4 pound fillet
title: 5 pounds Taku River King Salmon Fillets

fresh or frozen

2. Sliced onion

3. Fresh cilantro:
title: 1 lb. Fresh Jumbo Lump Crabmeat
title: Decaffeinated Lemon, 20 Tea bags

chopped (or parsley as an alternative):
title: igourmet Ricotta Salata-Pound Cut by Zerto (15.5 ounce)
title: Organic Chopped Tomatoes from Tuscany (Freschissima)"
Oaxaca Cheese,"1. Fresh cow's milk

2. Rennet (an enzyme used in curdling the milk)

3. Mesophilic culture (a beneficial bacterial culture for cheese making):
title: igourmet Ricotta Salata-Pound Cut by Zerto (15.5 ounce)
title: Traditional Medicinals Healthy Cycle, 16 Wrapped Tea Bags, 0.85 oz (Raspberry Leaf)"
Enchiladas Suizas,"1. Corn Tortillas
TDM (Tortilla de Ma√≠z):
title: Organic Semolina Flour (Semola di Grano Duro)
title: Mama Sita's Guava Soup Base Mix (Sinigang Sa Bayabas)

2. Chicken or Beef (choose one)
Pollo (Chicken) o Carne (Beef):
title: La Costena Frijoles Charros
title: Kasugai - Peanut &amp; You (Crispy Roasted Peanut)

3. Green Sauce (made with tomatillos:
title: Ajika Ajwain Seeds - Indian, Persian, African, Middle Eastern Spice for Breads, Vegetables, Salads
title: La Perla Del Mayab Annatto Paste Achiote"
Shawarma,"1. Flatbread (Pita or Lavash)

2. Marinated Chicken (Shawarma-style)

3. Tahini Sauce or Tzatziki (traditionally served with one of these):
title: Kadoya Pure Sesame Oil - 56 oz.(Expedited shipping)
title: igourmet Ricotta Salata-Pound Cut by Zerto (15.5 ounce)"
Kunafa,"1. Shredded Kunafa (or fine semolina)

2. Clarified Butter (Ghee)

3. Sweetened:
title: Red Bean Paste - Sweetened
title: Japanese Rice Wine Vinegar Seasoned

Flavored Wheat Noodles (also known as ""Knafeh dough"") or Akawi Cheese (traditionally used)

Note: Typically:
title: Thai Kitchen Wide Rice Noodles
title: Nanka Seimen Chow Mein Udon Noodles

sugar syrup is also a key component in sweet Kunafa desserts:
title: Ajika Ajwain Seeds - Indian, Persian, African, Middle Eastern Spice for Breads, Vegetables, Salads
title: AKA Miso - Red Soybean Paste"
Shakshouka,"1. Eggs:
title: 100 Individually Wrapped Assorted Green Teas
title: Dried Black Fungus

2. Tomatoes:
title: Gaeta Ripe Olives
title: Dried Shiitake Mushrooms

3. Onions (or shallots):
title: Gumballs Really!! Cherry (2 Pounds)
title: Melissa's Fresh Saturn Peaches, (14 Peaches)"
Qatayef,"1. Dough (made from flour:
title: Welpac Japanese Kinako - Soy Bean Flour
title: A.G. Ferrari Orecchiette (&quot;little ears&quot;) from Puglia

milk:
title: Coconut Milk
title: Blended Sesame Oil

yeast:
title: Dried Black Fungus
title: Blended Sesame Oil"
Ful medames,"1. Fulf (Fava beans):
title: Cumin Seed (Ground)
title: Turkish Black Olives (Mega)

2. Lemon:
title: Fruit Slices Lime
title: Fruit Slices Pink Grapefruit

3. Olive Oil (or cooking oil):
title: Organic Semolina Flour (Semola di Grano Duro)
title: Nestle Malted Milk Mix Original (6 pack)"
Lokma,"1. All-purpose flour (or bread flour):
title: Organic Semolina Flour (Semola di Grano Duro)
title: White Rice Flour, 1 lb.

2. Milk:
title: Coconut Milk
title: Mae Ploy Coconut Milk

3. Sugar.:
title: Cocoa Powder,1 lb.
title: Case of Kellogg's Mueslix with Raisins, Dates &amp; Almonds Cereal (10 Total)"
Malawach,"1. All-purpose flour:
title: Cocoyam Fu Fu Flour
title: Golden Semolina And Extra Fancy Durum Pasta Flour

2. Eggs:
title: California Chili Pods
title: Welpac Panko Bread Crumbs

3. Yeast (active dry or instant):
title: Nestle Malted Milk Mix Original (6 pack)
title: Organic Semolina Flour (Semola di Grano Duro)"
Martabak,"1. All-purpose flour (Tepung terigu)

2. Yeast (Ragi hay)

3. Sugar (Gula pasir)

These three ingredients are essential for the basic Martabak batter. Depending on whether you're making sweet or savory Martabak:
title: Bamboe Indonesian Instant Spices - Nasi Goreng
title: Barbecue Sauce Smokin' Joes Mild Flavor 18-oz Twin Pack Jar. Sweet BBQ Sauce Mild Flavor Is a Family Favorite. We Use No Brown Sugar so This Sauce Won't Burn on the Grill. Low Sodium, No Preservatives, 0 Fats, 0 Cholesterol, &amp; Kosher Certified. Use As a Marinade for Meat, Fish and Chicken

you may add additional ingredients such as eggs:
title: Amaranth Bread Crumbs
title: Mustapha's Moroccan Caperberries

cheese:
title: White Cheese (Sheep's Milk)
title: El Nacho Grande Bag Cheese"
Jachnun,"1. Dough flour:
title: Cocoyam Fu Fu Flour
title: Kentucky Kernel Seasoned Flour

2. Water:
title: Rose Flower Water
title: Sparkling Water

3. Yeast (or natural souring method like whey or yogurt):
title: igourmet Ricotta Salata-Pound Cut by Zerto (15.5 ounce)
title: Necco Assorted Wafers (2 boxes with 36 rolls each)"
Hareesh,"1. Rice:
title: Falcon Popcorn Rice
title: Vigo Saffron Yellow Rice

2. Lentils (especially red lentils or masoor dal):
title: igourmet Ricotta Salata-Pound Cut by Zerto (15.5 ounce)
title: Nestle Malted Milk Mix Original (6 pack)

3. Ghee or clarified butter.:
title: Conagra La Choy Teriyaki Marinade and Sauce, 10 Ounce -- 12 per case.
title: Case of Kellogg's Mueslix with Raisins, Dates &amp; Almonds Cereal (10 Total)"
Tamees,"1. Wrappers (Tameez or Sambusak dough)

2. Filling (typically a mixture of finely ground beef or chickpeas with spices such as cumin and cardamom:
title: Jam &amp; Jelly 3 different 5oz Jar Handcrafted Gift Crate, this Set is from Huckleberry Haven and features Chokecherry Jelly, Huckleberry Jam and Rasy-Huck Jam
title: Thai Kitchen Pad Thai with Chili Stir-Fry Rice Noodles with Sauce

onions:
title: Hollywood Safflower Oil, 32 oz
title: Ajika Ajwain Seeds - Indian, Persian, African, Middle Eastern Spice for Breads, Vegetables, Salads

garlic:
title: Lingham's Hot Sauce with Garlic
title: Kikkoman Black Bean Sauce with Garlic"
Saltah,"1. Cooked beef or lamb (tabbouleh):
title: Fresh Alligator Sausage w/ Pork (Farm Pride)
title: igourmet Ricotta Salata-Pound Cut by Zerto (15.5 ounce)

2. Cooked rice:
title: 2.2 Lb Molinella Arborio Rice
title: ABC Indonesian Salty Soy Sauce

3. Tabbouleh salad (parsley:
title: Minor&rsquo;s Clam Base - no-added MSG
title: A.G. Ferrari Orecchiette (&quot;little ears&quot;) from Puglia"
Momo,"1. Dough wrappers (Chungbao)

2. Filling (typically a mixture of finely chopped or ground meat like chicken or beef:
title: Thai Kitchen Pad Thai with Chili Stir-Fry Rice Noodles with Sauce
title: Leonidas Belgian Chocolates: 1.50 lb Signature Gianduja - Almond &amp; Hazelnut Pralin&eacute;

onions:
title: Hollywood Safflower Oil, 32 oz
title: Ajika Ajwain Seeds - Indian, Persian, African, Middle Eastern Spice for Breads, Vegetables, Salads

garlic:
title: Lingham's Hot Sauce with Garlic
title: Kikkoman Black Bean Sauce with Garlic"
Chatamari,"1. Parboiled rice flour:
title: Cocoyam Fu Fu Flour
title: Golden Semolina And Extra Fancy Durum Pasta Flour

2. Mustard seeds (ground or whole):
title: Kokuho Rose Rice (5#)
title: Organic Semolina Flour (Semola di Grano Duro)

3. Finely chopped spring onions (green part) or onions.
Chatamari is a traditional Nepali dish similar to a savory pancake:
title: Dais Paste Di Mandorla Di Sicilia Almond Cookies
title: Thai Kitchen Pad Thai with Chili Stir-Fry Rice Noodles with Sauce"
Gundruk ko Jhol,"1. Fermented Gundruk greens

2. Mustard Oil

3. Lentils (or a lentil dish like Dal Bhat) or your choice of cooking liquid (like water or vegetable broth if you're not using lentils):
title: igourmet Ricotta Salata-Pound Cut by Zerto (15.5 ounce)
title: Kadoya Pure Sesame Oil - 56 oz.(Expedited shipping)"
Chukauni,"1. Tomatoes
GroupLayout text here
2. Cucumber (Kakuni)
3. Onion (Solan)
Chukauni is a traditional Nepali salad typically served with cooked rice or as an accompaniment to various dishes. It's known for its refreshing and tangy flavor. The above ingredients are the most essential:
title: Toi Sauces for Phad Thai &amp; Other Dishes; Mild, Medium, and Spicy
title: Barbecue Sauce Smokin' Joes Mild Flavor 18-oz Twin Pack Jar. Sweet BBQ Sauce Mild Flavor Is a Family Favorite. We Use No Brown Sugar so This Sauce Won't Burn on the Grill. Low Sodium, No Preservatives, 0 Fats, 0 Cholesterol, &amp; Kosher Certified. Use As a Marinade for Meat, Fish and Chicken

but other common additions include carrots:
title: Capers Berries
title: Fruit Slices Pink Grapefruit

green chilies:
title: Two 9oz Jars of Stem Ginger in Syrup
title: Extra Hot Reshampatti Red Chili Powder"
Dungro,"1. Maize (Corn) Flour

2. Water

3. Salt

Note that ""Dungro"" might refer to a traditional Nigerian fermented corn dough product:
title: Welpac Japanese Kinako - Soy Bean Flour
title: Dais Paste Di Mandorla Di Sicilia Almond Cookies

and the exact recipe can vary. The above ingredients are the most essential for creating a basic version of this dish. Other common ingredients include sorghum flour or millet flour:
title: White Whole Wheat Flour
title: Amaranth Bread Crumbs

yeast:
title: Dried Black Fungus
title: Blended Sesame Oil"
Puri Tarkari,"1. All-purpose flour (for the puri dough)
2. Water (for the puri dough)
3. Salt (to taste:
title: Minor&rsquo;s Clam Base - no-added MSG
title: Garlic Paste

for both puri and tarkari)
4. Mustard seeds (commonly used in the tarkari for seasoning)
5. Turmeric (commonly used in the tarkari as a base spice)
6. Cumin seeds (commonly used in the tarkari for seasoning)
7. Chopped onions or scallions (for both puri and tarkari)
8. Mustard oil or any preferred cooking oil (for frying the puri and cooking the tarkari):
title: Sour Manioc Starch Amafil- 35.2 Oz (Pack of 2) | Polvilho Azedo Amafil - 1 Kg (Pack of 2)
title: Kadoya Pure Sesame Oil - 56 oz.(Expedited shipping)"
milk shake,"• milk:
title: Nestle Nido Instant Dry Whole Milk, 12.6oz - Pack of 2 Cans
""title: Tiptree's Gooseberry preserve packed in 12oz jar
title: Tiptree's Gooseberry preserve packed in 12oz jar
• ice cream:
title: Ghirardelli Creamy Caramel Sauce | 90.4 fl oz. | Desserts & Ice Cream
title: Mini Tin Size Penguin Caffeinated Peppermints: 12 count sleeve of .5 ounce tins
• vanilla extract:
title: Thai Sauce and Marinade, spicy and sweet with kaffir and tamarind. 3 bottles
title: Jam & Jelly 3 different 5oz Jar Handcrafted Gift Crate, this Set is from Huckleberry Haven and features Chokecherry Jelly, Huckleberry Jam and Rasy-Huck Jam"""